Id,OwnerId,IsDeleted,Name,CreatedDate,CreatedById,LastModifiedDate,LastModifiedById,SystemModstamp,LastViewedDate,LastReferencedDate,KSPRING17__Account_Range_From__c,KSPRING17__Account_Range_To__c,KSPRING17__Active__c,KSPRING17__Cash_Flow_Report_Cash__c,KSPRING17__Cash_Flow_Report_Financing_Activity__c,KSPRING17__Cash_Flow_Report_Investing_Activity__c,KSPRING17__Cash_Flow_Report_Operating_Activity__c,KSPRING17__Cash_Flow_Report_Section_Grouping__c,KSPRING17__Cash_Flow_Subsection__c,KSPRING17__Contra_Account__c,KSPRING17__Description__c,KSPRING17__ExtId__c,KSPRING17__FX_Type__c,KSPRING17__GL_Account_Name__c,KSPRING17__GL_Account_Number__c,KSPRING17__GL_Account_Unique__c,KSPRING17__GL_Group__c,KSPRING17__GL_Type_Code__c,KSPRING17__GL_Type__c,KSPRING17__Include_in_Budgets__c,KSPRING17__Income_Statement_Report_Section_Grouping__c,KSPRING17__Non_Cash__c,KSPRING17__Normal_Balance__c,KSPRING17__Order__c,KSPRING17__Parent_GL_Account_Number__c,KSPRING17__Report_Section_Grouping__c,KSPRING17__Report_Section__c,KSPRING17__Report_Sub_Section__c,KSPRING17__Reports__c,KSPRING17__Statement_Type__c,KSPRING17__SubAccount_of__c,KSPRING17__Type__c
a1I1I0000001kMqUAI,0051I000000ROnuQAG,False,153000 - Computer Software,2017-10-03T05:48:58.000+0000,0051I000000ROnuQAG,2017-10-03T05:48:58.000+0000,0051I000000ROnuQAG,2017-10-03T05:48:58.000+0000,,,,,True,False,,,,,,False,Computer Software,&IAUqMk1000000I1I1a,Non-monetary,Computer Software,153000,153000 - Computer Software,153000 - Computer Software,,a1J1I0000001lgnUAA,False,,False,,,,,,,,,,
a1I1I0000001kMrUAI,0051I000000ROnuQAG,False,154000 - Vehicles,2017-10-03T05:48:58.000+0000,0051I000000ROnuQAG,2017-10-03T05:48:58.000+0000,0051I000000ROnuQAG,2017-10-03T05:48:58.000+0000,,,,,True,False,,,,,,False,Vehicles,&IAUrMk1000000I1I1a,Non-monetary,Vehicles,154000,154000 - Vehicles,154000 - Vehicles,,a1J1I0000001lgnUAA,False,,False,,,,,,,,,,
a1I1I0000001kMsUAI,0051I000000ROnuQAG,False,155000 - Leasehold Improvements,2017-10-03T05:48:58.000+0000,0051I000000ROnuQAG,2017-10-03T05:48:58.000+0000,0051I000000ROnuQAG,2017-10-03T05:48:58.000+0000,,,,,True,False,,,,,,False,Leasehold Improvements,&IAUsMk1000000I1I1a,Non-monetary,Leasehold Improvements,155000,155000 - Leasehold Improvements,155000 - Leasehold Improvements,,a1J1I0000001lgnUAA,False,,False,,,,,,,,,,
a1I1I0000001kMtUAI,0051I000000ROnuQAG,False,156000 - Buildings,2017-10-03T05:48:58.000+0000,0051I000000ROnuQAG,2017-10-03T05:48:58.000+0000,0051I000000ROnuQAG,2017-10-03T05:48:58.000+0000,,,,,True,False,,,,,,False,Buildings,&IAUtMk1000000I1I1a,Non-monetary,Buildings,156000,156000 - Buildings,156000 - Buildings,,a1J1I0000001lgnUAA,False,,False,,,,,,,,,,
a1I1I0000001kMuUAI,0051I000000ROnuQAG,False,157000 - Building Improvements,2017-10-03T05:48:58.000+0000,0051I000000ROnuQAG,2017-10-03T05:48:58.000+0000,0051I000000ROnuQAG,2017-10-03T05:48:58.000+0000,,,,,True,False,,,,,,False,Building Improvements,&IAUuMk1000000I1I1a,Non-monetary,Building Improvements,157000,157000 - Building Improvements,157000 - Building Improvements,,a1J1I0000001lgnUAA,False,,False,,,,,,,,,,
a1I1I0000001kMvUAI,0051I000000ROnuQAG,False,160000 - Land,2017-10-03T05:48:58.000+0000,0051I000000ROnuQAG,2017-10-03T05:48:58.000+0000,0051I000000ROnuQAG,2017-10-03T05:48:58.000+0000,,,,,True,False,,,,,,False,Land,&IAUvMk1000000I1I1a,Non-monetary,Land,160000,160000 - Land,160000 - Land,,a1J1I0000001lgnUAA,False,,False,,,,,,,,,,
a1I1I0000001kMwUAI,0051I000000ROnuQAG,False,160400 - Unclassified Assets,2017-10-03T05:48:58.000+0000,0051I000000ROnuQAG,2017-10-03T05:48:58.000+0000,0051I000000ROnuQAG,2017-10-03T05:48:58.000+0000,,,,,True,False,,,,,,False,Unclassified Assets,&IAUwMk1000000I1I1a,Non-monetary,Unclassified Assets,160400,160400 - Unclassified Assets,160400 - Unclassified Assets,,a1J1I0000001lgnUAA,False,,False,,,,,,,,,,
a1I1I0000001kMxUAI,0051I000000ROnuQAG,False,160499 - FA Clearing Account,2017-10-03T05:48:58.000+0000,0051I000000ROnuQAG,2017-10-03T05:48:58.000+0000,0051I000000ROnuQAG,2017-10-03T05:48:58.000+0000,,,,,True,False,,,,,,False,FA Clearing Account,&IAUxMk1000000I1I1a,Non-monetary,FA Clearing Account,160499,160499 - FA Clearing Account,160499 - FA Clearing Account,,a1J1I0000001lgnUAA,False,,False,,,,,,,,,,
a1I1I0000001kMyUAI,0051I000000ROnuQAG,False,160500 - Construction In Progress,2017-10-03T05:48:58.000+0000,0051I000000ROnuQAG,2017-10-03T05:48:58.000+0000,0051I000000ROnuQAG,2017-10-03T05:48:58.000+0000,,,,,True,False,,,,,,False,Construction In Progress,&IAUyMk1000000I1I1a,Non-monetary,Construction In Progress,160500,160500 - Construction In Progress,160500 - Construction In Progress,,a1J1I0000001lgnUAA,False,,False,,,,,,,,,,
a1I1I0000001kMzUAI,0051I000000ROnuQAG,False,165000 - Organization Costs,2017-10-03T05:48:58.000+0000,0051I000000ROnuQAG,2017-10-03T05:48:58.000+0000,0051I000000ROnuQAG,2017-10-03T05:48:58.000+0000,,,,,True,False,,,,,,False,Organization Costs,&IAUzMk1000000I1I1a,Non-monetary,Organization Costs,165000,165000 - Organization Costs,165000 - Organization Costs,,a1J1I0000001lgnUAA,False,,False,,,,,,,,,,
a1I1I0000001kN0UAI,0051I000000ROnuQAG,False,165100 - Notes Receivable - Long-term,2017-10-03T05:48:58.000+0000,0051I000000ROnuQAG,2017-10-03T05:48:58.000+0000,0051I000000ROnuQAG,2017-10-03T05:48:58.000+0000,,,,,True,False,,,,,,False,Notes Receivable - Long-term,&IAU0Nk1000000I1I1a,Non-monetary,Notes Receivable - Long-term,165100,165100 - Notes Receivable - Long-term,165100 - Notes Receivable - Long-term,,a1J1I0000001lgnUAA,False,,False,Credit,,,,,,,Balance Sheet,,Assets
a1I1I0000001kN1UAI,0051I000000ROnuQAG,False,165200 - Interco Investments,2017-10-03T05:48:58.000+0000,0051I000000ROnuQAG,2017-10-03T05:48:58.000+0000,0051I000000ROnuQAG,2017-10-03T05:48:58.000+0000,,,,,True,False,,,,,,False,Interco Investments,&IAU1Nk1000000I1I1a,Historical,Interco Investments,165200,165200 - Interco Investments,165200 - Interco Investments,,a1J1I0000001lgnUAA,False,,False,Credit,,,,,,,Balance Sheet,,Assets
a1I1I0000001kN2UAI,0051I000000ROnuQAG,False,165300 - Other Non-current Assets,2017-10-03T05:48:58.000+0000,0051I000000ROnuQAG,2017-10-03T05:48:58.000+0000,0051I000000ROnuQAG,2017-10-03T05:48:58.000+0000,,,,,True,False,,,,,,False,Other Non-current Assets,&IAU2Nk1000000I1I1a,Non-monetary,Other Non-current Assets,165300,165300 - Other Non-current Assets,165300 - Other Non-current Assets,,a1J1I0000001lgnUAA,False,,False,Credit,,,,,,,Balance Sheet,,Assets
a1I1I0000001kN3UAI,0051I000000ROnuQAG,False,170000 - Accumulated Depreciation - Furniture and Fixtures,2017-10-03T05:48:58.000+0000,0051I000000ROnuQAG,2017-11-07T17:39:31.000+0000,0051I000000RRW1QAO,2017-11-08T11:48:29.000+0000,,,,,True,False,,,,,,True,Accumulated Depreciation - Furniture and Fixtures,&IAU3Nk1000000I1I1a,Non-monetary,Accumulated Depreciation - Furniture and Fixtures,170000,170000 - Accumulated Depreciation - Furniture and Fixtures,170000 - Accumulated Depreciation - Furniture and Fixtures,,a1J1I0000001lgnUAA,False,,False,,,,,,,,,,
a1I1I0000001kN4UAI,0051I000000ROnuQAG,False,171000 - Accumulated Depreciation - Equipment,2017-10-03T05:48:58.000+0000,0051I000000ROnuQAG,2017-11-07T17:40:02.000+0000,0051I000000RRW1QAO,2017-11-08T11:48:29.000+0000,,,,,True,False,,,,,,True,Accumulated Depreciation - Equipment,&IAU4Nk1000000I1I1a,Non-monetary,Accumulated Depreciation - Equipment,171000,171000 - Accumulated Depreciation - Equipment,171000 - Accumulated Depreciation - Equipment,,a1J1I0000001lgnUAA,False,,False,,,,,,,,,,
a1I1I0000001kN5UAI,0051I000000ROnuQAG,False,172000 - Accumulated Depreciation - Computer Hardware,2017-10-03T05:48:58.000+0000,0051I000000ROnuQAG,2017-11-07T17:40:19.000+0000,0051I000000RRW1QAO,2017-11-08T11:48:29.000+0000,,,,,True,False,,,,,,True,Accumulated Depreciation - Computer Hardware,&IAU5Nk1000000I1I1a,Non-monetary,Accumulated Depreciation - Computer Hardware,172000,172000 - Accumulated Depreciation - Computer Hardware,172000 - Accumulated Depreciation - Computer Hardware,,a1J1I0000001lgnUAA,False,,False,,,,,,,,,,
a1I1I0000001kN6UAI,0051I000000ROnuQAG,False,173000 - Accumulated Depreciation - Computer Software,2017-10-03T05:48:58.000+0000,0051I000000ROnuQAG,2017-11-07T17:40:35.000+0000,0051I000000RRW1QAO,2017-11-08T11:48:29.000+0000,,,,,True,False,,,,,,True,Accumulated Depreciation - Computer Software,&IAU6Nk1000000I1I1a,Non-monetary,Accumulated Depreciation - Computer Software,173000,173000 - Accumulated Depreciation - Computer Software,173000 - Accumulated Depreciation - Computer Software,,a1J1I0000001lgnUAA,False,,False,,,,,,,,,,
a1I1I0000001kN7UAI,0051I000000ROnuQAG,False,174000 - Accumulated Depreciation - Vehicles,2017-10-03T05:48:58.000+0000,0051I000000ROnuQAG,2017-11-07T17:40:53.000+0000,0051I000000RRW1QAO,2017-11-08T11:48:29.000+0000,,,,,True,False,,,,,,True,Accumulated Depreciation - Vehicles,&IAU7Nk1000000I1I1a,Non-monetary,Accumulated Depreciation - Vehicles,174000,174000 - Accumulated Depreciation - Vehicles,174000 - Accumulated Depreciation - Vehicles,,a1J1I0000001lgnUAA,False,,False,,,,,,,,,,
a1I1I0000001kN8UAI,0051I000000ROnuQAG,False,175000 - Accumulated Depreciation - Leasehold,2017-10-03T05:48:58.000+0000,0051I000000ROnuQAG,2017-11-07T17:41:29.000+0000,0051I000000RRW1QAO,2017-11-08T11:48:29.000+0000,,,,,True,False,,,,,,True,Accumulated Depreciation - Leasehold,&IAU8Nk1000000I1I1a,Non-monetary,Accumulated Depreciation - Leasehold,175000,175000 - Accumulated Depreciation - Leasehold,175000 - Accumulated Depreciation - Leasehold,,a1J1I0000001lgnUAA,False,,False,,,,,,,,,,
a1I1I0000001kN9UAI,0051I000000ROnuQAG,False,176000 - Accumulated Depreciation - Buildings,2017-10-03T05:48:58.000+0000,0051I000000ROnuQAG,2017-11-07T17:41:41.000+0000,0051I000000RRW1QAO,2017-11-08T11:48:29.000+0000,,,,,True,False,,,,,,True,Accumulated Depreciation - Buildings,&IAU9Nk1000000I1I1a,Non-monetary,Accumulated Depreciation - Buildings,176000,176000 - Accumulated Depreciation - Buildings,176000 - Accumulated Depreciation - Buildings,,a1J1I0000001lgnUAA,False,,False,,,,,,,,,,
a1I1I0000001kNAUAY,0051I000000ROnuQAG,False,177000 - Accumulated Depreciation - Building Improvements,2017-10-03T05:48:58.000+0000,0051I000000ROnuQAG,2017-11-07T17:41:51.000+0000,0051I000000RRW1QAO,2017-11-08T11:48:29.000+0000,,,,,True,False,,,,,,True,Accumulated Depreciation - Building Improvements,&YAUANk1000000I1I1a,Non-monetary,Accumulated Depreciation - Building Improvements,177000,177000 - Accumulated Depreciation - Building Improvements,177000 - Accumulated Depreciation - Building Improvements,,a1J1I0000001lgnUAA,False,,False,,,,,,,,,,
a1I1I0000001kNBUAY,0051I000000ROnuQAG,False,190500 - Accumulated Amortization - Organization Costs,2017-10-03T05:48:58.000+0000,0051I000000ROnuQAG,2017-11-07T17:42:05.000+0000,0051I000000RRW1QAO,2017-11-08T11:48:29.000+0000,,,,,True,False,,,,,,True,Accumulated Amortization - Organization Costs,&YAUBNk1000000I1I1a,Non-monetary,Accumulated Amortization - Organization Costs,190500,190500 - Accumulated Amortization - Organization Costs,190500 - Accumulated Amortization - Organization Costs,,a1J1I0000001lgnUAA,False,,False,,,,,,,,,,
a1I1I0000001kNCUAY,0051I000000ROnuQAG,False,200000 - Accounts Payable,2017-10-03T05:48:58.000+0000,0051I000000ROnuQAG,2017-10-03T05:48:58.000+0000,0051I000000ROnuQAG,2017-10-03T05:48:58.000+0000,,,,,True,False,,,,,,False,Accounts Payable,&YAUCNk1000000I1I1a,Monetary Non-cash,Accounts Payable,200000,200000 - Accounts Payable,200000 - Accounts Payable,,a1J1I0000001lgoUAA,False,,False,,,,,,,,,,
a1I1I0000001kNDUAY,0051I000000ROnuQAG,False,212000 - Interco Accounts Payable,2017-10-03T05:48:58.000+0000,0051I000000ROnuQAG,2017-10-03T05:48:58.000+0000,0051I000000ROnuQAG,2017-10-03T05:48:58.000+0000,,,,,True,False,,,,,,False,Interco Accounts Payable,&YAUDNk1000000I1I1a,Monetary Non-cash,Interco Accounts Payable,212000,212000 - Interco Accounts Payable,212000 - Interco Accounts Payable,,a1J1I0000001lgoUAA,False,,False,Credit,,,Current Liabilities,Current Liabilities,,,Balance Sheet,,
a1I1I0000001kNEUAY,0051I000000ROnuQAG,False,220000 - Goods Received Not Invoiced,2017-10-03T05:48:58.000+0000,0051I000000ROnuQAG,2017-10-03T05:48:58.000+0000,0051I000000ROnuQAG,2017-10-03T05:48:58.000+0000,,,,,True,False,,,,,,False,Goods Received Not Invoiced,&YAUENk1000000I1I1a,Monetary Non-cash,Goods Received Not Invoiced,220000,220000 - Goods Received Not Invoiced,220000 - Goods Received Not Invoiced,,a1J1I0000001lgoUAA,False,,False,Credit,,,,,,,Balance Sheet,,Liabilities
a1I1I0000001kNFUAY,0051I000000ROnuQAG,False,230000 - Accrued Expenses,2017-10-03T05:48:58.000+0000,0051I000000ROnuQAG,2017-10-03T05:48:58.000+0000,0051I000000ROnuQAG,2017-10-03T05:48:58.000+0000,,,,,True,False,,,,,,False,Accrued Expenses,&YAUFNk1000000I1I1a,Monetary Non-cash,Accrued Expenses,230000,230000 - Accrued Expenses,230000 - Accrued Expenses,,a1J1I0000001lgoUAA,False,,False,Credit,,,,,,,Balance Sheet,,Liabilities
a1I1I0000001kNGUAY,0051I000000ROnuQAG,False,230500 - Allowances Payable,2017-10-03T05:48:58.000+0000,0051I000000ROnuQAG,2017-11-07T17:37:20.000+0000,0051I000000RRW1QAO,2017-11-08T11:48:29.000+0000,,,,,True,False,,,,,,False,Allowances Payable,&YAUGNk1000000I1I1a,Monetary Non-cash,Allowances Payable,230500,230500 - Allowances Payable,230500 - Allowances Payable,,a1J1I0000001lgoUAA,False,,False,Credit,,,,,,AP/AR Aging,Balance Sheet,,Liabilities
a1I1I0000001kNHUAY,0051I000000ROnuQAG,False,231000 - Sales Tax Payable,2017-10-03T05:48:58.000+0000,0051I000000ROnuQAG,2017-10-03T05:48:58.000+0000,0051I000000ROnuQAG,2017-10-03T05:48:58.000+0000,,,,,True,False,,,,,,False,Sales Tax Payable,&YAUHNk1000000I1I1a,Monetary Non-cash,Sales Tax Payable,231000,231000 - Sales Tax Payable,231000 - Sales Tax Payable,,a1J1I0000001lgoUAA,False,,False,,,,,,,,,,
a1I1I0000001kNIUAY,0051I000000ROnuQAG,False,231500 - VAT Payable,2017-10-03T05:48:58.000+0000,0051I000000ROnuQAG,2017-10-03T05:48:58.000+0000,0051I000000ROnuQAG,2017-10-03T05:48:58.000+0000,,,,,True,False,,,,,,False,VAT Payable,&YAUINk1000000I1I1a,Monetary Non-cash,VAT Payable,231500,231500 - VAT Payable,231500 - VAT Payable,,a1J1I0000001lgoUAA,False,,False,,,,,,,,,,
a1I1I0000001kNJUAY,0051I000000ROnuQAG,False,232000 - Wages Payable,2017-10-03T05:48:58.000+0000,0051I000000ROnuQAG,2017-10-03T05:48:58.000+0000,0051I000000ROnuQAG,2017-10-03T05:48:58.000+0000,,,,,True,False,,,,,,False,Wages Payable,&YAUJNk1000000I1I1a,Monetary Non-cash,Wages Payable,232000,232000 - Wages Payable,232000 - Wages Payable,,a1J1I0000001lgoUAA,False,,False,,,,,,,,,,
a1I1I0000001kO6UAI,0051I000000ROnuQAG,False,600400 - Vacation Pay,2017-10-03T05:48:58.000+0000,0051I000000ROnuQAG,2017-10-03T05:48:58.000+0000,0051I000000ROnuQAG,2017-10-03T05:48:58.000+0000,,,,,True,False,,,,,,False,Vacation Pay,&IAU6Ok1000000I1I1a,P&L Monetary,Vacation Pay,600400,600400 - Vacation Pay,600400 - Vacation Pay,,a1J1I0000001lgtUAA,False,,False,,,,,,,,,,
a1I1I0000001kO7UAI,0051I000000ROnuQAG,False,600500 - Holiday Pay,2017-10-03T05:48:58.000+0000,0051I000000ROnuQAG,2017-10-03T05:48:58.000+0000,0051I000000ROnuQAG,2017-10-03T05:48:58.000+0000,,,,,True,False,,,,,,False,Holiday Pay,&IAU7Ok1000000I1I1a,P&L Monetary,Holiday Pay,600500,600500 - Holiday Pay,600500 - Holiday Pay,,a1J1I0000001lgtUAA,False,,False,,,,,,,,,,
a1I1I0000001kO8UAI,0051I000000ROnuQAG,False,600600 - Personal Time Off,2017-10-03T05:48:58.000+0000,0051I000000ROnuQAG,2017-10-03T05:48:58.000+0000,0051I000000ROnuQAG,2017-10-03T05:48:58.000+0000,,,,,True,False,,,,,,False,Personal Time Off,&IAU8Ok1000000I1I1a,P&L Monetary,Personal Time Off,600600,600600 - Personal Time Off,600600 - Personal Time Off,,a1J1I0000001lgtUAA,False,,False,,,,,,,,,,
a1I1I0000001kO9UAI,0051I000000ROnuQAG,False,600700 - Contract Labor,2017-10-03T05:48:58.000+0000,0051I000000ROnuQAG,2017-10-03T05:48:58.000+0000,0051I000000ROnuQAG,2017-10-03T05:48:58.000+0000,,,,,True,False,,,,,,False,Contract Labor,&IAU9Ok1000000I1I1a,P&L Monetary,Contract Labor,600700,600700 - Contract Labor,600700 - Contract Labor,,a1J1I0000001lgtUAA,False,,False,,,,,,,,,,
a1I1I0000001kO5UAI,0051I000000ROnuQAG,False,600300 - Commissions,2017-10-03T05:48:58.000+0000,0051I000000ROnuQAG,2017-10-03T05:48:58.000+0000,0051I000000ROnuQAG,2017-10-03T05:48:58.000+0000,,,,,True,False,,,,,,False,Commissions,&IAU5Ok1000000I1I1a,P&L Monetary,Commissions,600300,600300 - Commissions,600300 - Commissions,,a1J1I0000001lgtUAA,False,,False,,,,,,,,,,
a1I1I0000001kOAUAY,0051I000000ROnuQAG,False,600900 - Payroll Employer Taxes,2017-10-03T05:48:58.000+0000,0051I000000ROnuQAG,2017-10-03T05:48:58.000+0000,0051I000000ROnuQAG,2017-10-03T05:48:58.000+0000,,,,,True,False,,,,,,False,Payroll Employer Taxes,&YAUAOk1000000I1I1a,P&L Monetary,Payroll Employer Taxes,600900,600900 - Payroll Employer Taxes,600900 - Payroll Employer Taxes,,a1J1I0000001lgtUAA,False,,False,,,,,,,,,,
a1I1I0000001kOBUAY,0051I000000ROnuQAG,False,610000 - Benefits Expense,2017-10-03T05:48:58.000+0000,0051I000000ROnuQAG,2017-10-03T05:48:58.000+0000,0051I000000ROnuQAG,2017-10-03T05:48:58.000+0000,,,,,True,False,,,,,,False,Benefits Expense,&YAUBOk1000000I1I1a,P&L Monetary,Benefits Expense,610000,610000 - Benefits Expense,610000 - Benefits Expense,,a1J1I0000001lguUAA,False,,False,Debit,,,,,,,,,
a1I1I0000001kOCUAY,0051I000000ROnuQAG,False,610100 - Health Insurance,2017-10-03T05:48:58.000+0000,0051I000000ROnuQAG,2017-10-03T05:48:58.000+0000,0051I000000ROnuQAG,2017-10-03T05:48:58.000+0000,,,,,True,False,,,,,,False,Health Insurance,&YAUCOk1000000I1I1a,P&L Monetary,Health Insurance,610100,610100 - Health Insurance,610100 - Health Insurance,,a1J1I0000001lguUAA,False,,False,Debit,,,,,,,Income Statement,,Expense
a1I1I0000001kODUAY,0051I000000ROnuQAG,False,610200 - Retirement Contributions,2017-10-03T05:48:58.000+0000,0051I000000ROnuQAG,2017-10-03T05:48:58.000+0000,0051I000000ROnuQAG,2017-10-03T05:48:58.000+0000,,,,,True,False,,,,,,False,Retirement Contributions,&YAUDOk1000000I1I1a,P&L Monetary,Retirement Contributions,610200,610200 - Retirement Contributions,610200 - Retirement Contributions,,a1J1I0000001lguUAA,False,,False,Debit,,,,,,,Income Statement,,Expense
a1I1I0000001kOEUAY,0051I000000ROnuQAG,False,610300 - Workers Compensation,2017-10-03T05:48:58.000+0000,0051I000000ROnuQAG,2017-10-03T05:48:58.000+0000,0051I000000ROnuQAG,2017-10-03T05:48:58.000+0000,,,,,True,False,,,,,,False,Workers Compensation,&YAUEOk1000000I1I1a,P&L Monetary,Workers Compensation,610300,610300 - Workers Compensation,610300 - Workers Compensation,,a1J1I0000001lguUAA,False,,False,Debit,,,,,,,Income Statement,,
a1I1I0000001kOFUAY,0051I000000ROnuQAG,False,620000 - Travel,2017-10-03T05:48:58.000+0000,0051I000000ROnuQAG,2017-10-03T05:48:58.000+0000,0051I000000ROnuQAG,2017-10-03T05:48:58.000+0000,,,,,True,False,,,,,,False,Travel,&YAUFOk1000000I1I1a,P&L Monetary,Travel,620000,620000 - Travel,620000 - Travel,,a1J1I0000001lgvUAA,False,,False,Debit,,,,,,,Income Statement,,Expense
a1I1I0000001kOGUAY,0051I000000ROnuQAG,False,620100 - Lodging,2017-10-03T05:48:58.000+0000,0051I000000ROnuQAG,2017-10-03T05:48:58.000+0000,0051I000000ROnuQAG,2017-10-03T05:48:58.000+0000,,,,,True,False,,,,,,False,Lodging,&YAUGOk1000000I1I1a,P&L Monetary,Lodging,620100,620100 - Lodging,620100 - Lodging,,a1J1I0000001lgvUAA,False,,False,Debit,,,,,,,Income Statement,,Expense
a1I1I0000001kOHUAY,0051I000000ROnuQAG,False,620200 - Meals,2017-10-03T05:48:58.000+0000,0051I000000ROnuQAG,2017-10-03T05:48:58.000+0000,0051I000000ROnuQAG,2017-10-03T05:48:58.000+0000,,,,,True,False,,,,,,False,Meals,&YAUHOk1000000I1I1a,P&L Monetary,Meals,620200,620200 - Meals,620200 - Meals,,a1J1I0000001lgvUAA,False,,False,Debit,,,,,,,Income Statement,,Expense
a1I1I0000001kOIUAY,0051I000000ROnuQAG,False,620300 - Entertainment,2017-10-03T05:48:58.000+0000,0051I000000ROnuQAG,2017-10-03T05:48:58.000+0000,0051I000000ROnuQAG,2017-10-03T05:48:58.000+0000,,,,,True,False,,,,,,False,Entertainment,&YAUIOk1000000I1I1a,P&L Monetary,Entertainment,620300,620300 - Entertainment,620300 - Entertainment,,a1J1I0000001lgvUAA,False,,False,Debit,,,,,,,Income Statement,,Expense
a1I1I0000001kOJUAY,0051I000000ROnuQAG,False,630000 - Rent,2017-10-03T05:48:58.000+0000,0051I000000ROnuQAG,2017-10-03T05:48:58.000+0000,0051I000000ROnuQAG,2017-10-03T05:48:58.000+0000,,,,,True,False,,,,,,False,Rent,&YAUJOk1000000I1I1a,P&L Monetary,Rent,630000,630000 - Rent,630000 - Rent,,a1J1I0000001lgwUAA,False,,False,Debit,,,,,,,Income Statement,,Expense
a1I1I0000001kOKUAY,0051I000000ROnuQAG,False,630100 - Building Maintenance,2017-10-03T05:48:58.000+0000,0051I000000ROnuQAG,2017-10-03T05:48:58.000+0000,0051I000000ROnuQAG,2017-10-03T05:48:58.000+0000,,,,,True,False,,,,,,False,Building Maintenance,&YAUKOk1000000I1I1a,P&L Monetary,Building Maintenance,630100,630100 - Building Maintenance,630100 - Building Maintenance,,a1J1I0000001lgwUAA,False,,False,Debit,,,,,,,,,Expense
a1I1I0000001kOLUAY,0051I000000ROnuQAG,False,630200 - Utilities Expense,2017-10-03T05:48:58.000+0000,0051I000000ROnuQAG,2017-10-03T05:48:58.000+0000,0051I000000ROnuQAG,2017-10-03T05:48:58.000+0000,,,,,True,False,,,,,,False,Utilities Expense,&YAULOk1000000I1I1a,P&L Monetary,Utilities Expense,630200,630200 - Utilities Expense,630200 - Utilities Expense,,a1J1I0000001lgwUAA,False,,False,Debit,,,,,,,Income Statement,,Expense
a1I1I0000001kOMUAY,0051I000000ROnuQAG,False,630300 - Telephone Expense,2017-10-03T05:48:58.000+0000,0051I000000ROnuQAG,2017-10-03T05:48:58.000+0000,0051I000000ROnuQAG,2017-10-03T05:48:58.000+0000,,,,,True,False,,,,,,False,Telephone Expense,&YAUMOk1000000I1I1a,P&L Monetary,Telephone Expense,630300,630300 - Telephone Expense,630300 - Telephone Expense,,a1J1I0000001lgwUAA,False,,False,Debit,,,,,,,Income Statement,,Expense
a1I1I0000001kONUAY,0051I000000ROnuQAG,False,630400 - Other Operating Expense,2017-10-03T05:48:58.000+0000,0051I000000ROnuQAG,2017-10-03T05:48:58.000+0000,0051I000000ROnuQAG,2017-10-24T10:43:27.000+0000,,,,,True,False,,,,,,False,Other Operating Expense,&YAUNOk1000000I1I1a,P&L Monetary,Other Operating Expense,630400,630400 - Other Operating Expense,630400 - Other Operating Expense,,a1J1I0000001lgwUAA,False,,False,Debit,,,,,,,Income Statement,,Expense
a1I1I0000001kOOUAY,0051I000000ROnuQAG,False,630500 - Equipment Lease Expense,2017-10-03T05:48:58.000+0000,0051I000000ROnuQAG,2017-10-03T05:48:58.000+0000,0051I000000ROnuQAG,2017-10-03T05:48:58.000+0000,,,,,True,False,,,,,,False,Equipment Lease Expense,&YAUOOk1000000I1I1a,P&L Monetary,Equipment Lease Expense,630500,630500 - Equipment Lease Expense,630500 - Equipment Lease Expense,,a1J1I0000001lgwUAA,False,,False,Debit,,,,,,,Income Statement,,Expense
a1I1I0000001kOPUAY,0051I000000ROnuQAG,False,630600 - General Equipment Repairs,2017-10-03T05:48:58.000+0000,0051I000000ROnuQAG,2017-10-03T05:48:58.000+0000,0051I000000ROnuQAG,2017-10-03T05:48:58.000+0000,,,,,True,False,,,,,,False,General Equipment Repairs,&YAUPOk1000000I1I1a,P&L Monetary,General Equipment Repairs,630600,630600 - General Equipment Repairs,630600 - General Equipment Repairs,,a1J1I0000001lgwUAA,False,,False,Debit,,,,,,,Income Statement,,Expense
a1I1I0000001kOQUAY,0051I000000ROnuQAG,False,630700 - Equipment Maintenance,2017-10-03T05:48:58.000+0000,0051I000000ROnuQAG,2017-10-03T05:48:58.000+0000,0051I000000ROnuQAG,2017-10-03T05:48:58.000+0000,,,,,True,False,,,,,,False,Equipment Maintenance,&YAUQOk1000000I1I1a,P&L Monetary,Equipment Maintenance,630700,630700 - Equipment Maintenance,630700 - Equipment Maintenance,,a1J1I0000001lgwUAA,False,,False,Debit,,,,,,,Income Statement,,Expense
a1I1I0000001kORUAY,0051I000000ROnuQAG,False,630800 - Charitable Contributions,2017-10-03T05:48:58.000+0000,0051I000000ROnuQAG,2017-10-03T05:48:58.000+0000,0051I000000ROnuQAG,2017-10-03T05:48:58.000+0000,,,,,True,False,,,,,,False,Charitable Contributions,&YAUROk1000000I1I1a,P&L Monetary,Charitable Contributions,630800,630800 - Charitable Contributions,630800 - Charitable Contributions,,a1J1I0000001lgwUAA,False,,False,Debit,,,,,,,Income Statement,,Expense
a1I1I0000001kOSUAY,0051I000000ROnuQAG,False,635000 - Research & Development,2017-10-03T05:48:58.000+0000,0051I000000ROnuQAG,2017-10-03T05:48:58.000+0000,0051I000000ROnuQAG,2017-10-03T05:48:58.000+0000,,,,,True,False,,,,,,False,Research & Development,&YAUSOk1000000I1I1a,P&L Monetary,Research & Development,635000,635000 - Research & Development,635000 - Research & Development,,a1J1I0000001lgwUAA,False,,False,Debit,,,,,,,Income Statement,,Expense
a1I1I0000001kOTUAY,0051I000000ROnuQAG,False,640000 - Advertising / Marketing Expense,2017-10-03T05:48:58.000+0000,0051I000000ROnuQAG,2017-10-03T05:48:58.000+0000,0051I000000ROnuQAG,2017-10-03T05:48:58.000+0000,,,,,True,False,,,,,,False,Advertising / Marketing Expense,&YAUTOk1000000I1I1a,P&L Monetary,Advertising / Marketing Expense,640000,640000 - Advertising / Marketing Expense,640000 - Advertising / Marketing Expense,,a1J1I0000001lgxUAA,False,,False,Debit,,,,,,,Income Statement,,Expense
a1I1I0000001kOUUAY,0051I000000ROnuQAG,False,640100 - Outgoing Freight Expense,2017-10-03T05:48:58.000+0000,0051I000000ROnuQAG,2017-10-03T05:48:58.000+0000,0051I000000ROnuQAG,2017-10-03T05:48:58.000+0000,,,,,True,False,,,,,,False,Outgoing Freight Expense,&YAUUOk1000000I1I1a,P&L Monetary,Outgoing Freight Expense,640100,640100 - Outgoing Freight Expense,640100 - Outgoing Freight Expense,,a1J1I0000001lgxUAA,False,,False,Debit,,,,,,,Income Statement,,Expense
a1I1I0000001kOVUAY,0051I000000ROnuQAG,False,640200 - Inventory Damaged Goods,2017-10-03T05:48:58.000+0000,0051I000000ROnuQAG,2017-10-03T05:48:58.000+0000,0051I000000ROnuQAG,2017-10-03T05:48:58.000+0000,,,,,True,False,,,,,,False,Inventory Damaged Goods,&YAUVOk1000000I1I1a,P&L Monetary,Inventory Damaged Goods,640200,640200 - Inventory Damaged Goods,640200 - Inventory Damaged Goods,,a1J1I0000001lgxUAA,False,,False,Debit,,,,,,,Income Statement,,Expense
a1I1I0000001kOWUAY,0051I000000ROnuQAG,False,650000 - Insurance Expense,2017-10-03T05:48:58.000+0000,0051I000000ROnuQAG,2017-10-03T05:48:58.000+0000,0051I000000ROnuQAG,2017-10-03T05:48:58.000+0000,,,,,True,False,,,,,,False,Insurance Expense,&YAUWOk1000000I1I1a,P&L Monetary,Insurance Expense,650000,650000 - Insurance Expense,650000 - Insurance Expense,,a1J1I0000001lgyUAA,False,,False,Debit,,,,,,,Income Statement,,Expense
a1I1I0000001kOXUAY,0051I000000ROnuQAG,False,650100 - Auto Insurance,2017-10-03T05:48:58.000+0000,0051I000000ROnuQAG,2017-10-03T05:48:58.000+0000,0051I000000ROnuQAG,2017-10-03T05:48:58.000+0000,,,,,True,False,,,,,,False,Auto Insurance,&YAUXOk1000000I1I1a,P&L Monetary,Auto Insurance,650100,650100 - Auto Insurance,650100 - Auto Insurance,,a1J1I0000001lgyUAA,False,,False,Debit,,,,,,,Income Statement,,Expense
a1I1I0000001kOYUAY,0051I000000ROnuQAG,False,650200 - Building Insurance,2017-10-03T05:48:58.000+0000,0051I000000ROnuQAG,2017-10-03T05:48:58.000+0000,0051I000000ROnuQAG,2017-10-03T05:48:58.000+0000,,,,,True,False,,,,,,False,Building Insurance,&YAUYOk1000000I1I1a,P&L Monetary,Building Insurance,650200,650200 - Building Insurance,650200 - Building Insurance,,a1J1I0000001lgyUAA,False,,False,Debit,,,,,,,Income Statement,,Expense
a1I1I0000001kOZUAY,0051I000000ROnuQAG,False,650300 - General Liability Insurance,2017-10-03T05:48:58.000+0000,0051I000000ROnuQAG,2017-10-03T05:48:58.000+0000,0051I000000ROnuQAG,2017-10-03T05:48:58.000+0000,,,,,True,False,,,,,,False,General Liability Insurance,&YAUZOk1000000I1I1a,P&L Monetary,General Liability Insurance,650300,650300 - General Liability Insurance,650300 - General Liability Insurance,,a1J1I0000001lgyUAA,False,,False,Debit,,,,,,,Income Statement,,Expense
a1I1I0000001kOaUAI,0051I000000ROnuQAG,False,650400 - Property Insurance,2017-10-03T05:48:58.000+0000,0051I000000ROnuQAG,2017-10-03T05:48:58.000+0000,0051I000000ROnuQAG,2017-10-03T05:48:58.000+0000,,,,,True,False,,,,,,False,Property Insurance,&IAUaOk1000000I1I1a,P&L Monetary,Property Insurance,650400,650400 - Property Insurance,650400 - Property Insurance,,a1J1I0000001lgyUAA,False,,False,Debit,,,,,,,Income Statement,,Expense
a1I1I0000001kObUAI,0051I000000ROnuQAG,False,660000 - Professional Fees,2017-10-03T05:48:58.000+0000,0051I000000ROnuQAG,2017-10-03T05:48:58.000+0000,0051I000000ROnuQAG,2017-10-03T05:48:58.000+0000,,,,,True,False,,,,,,False,Professional Fees,&IAUbOk1000000I1I1a,P&L Monetary,Professional Fees,660000,660000 - Professional Fees,660000 - Professional Fees,,a1J1I0000001lgzUAA,False,,False,Debit,,,,,,,Income Statement,,Expense
a1I1I0000001kOcUAI,0051I000000ROnuQAG,False,660100 - Professional Fees - Legal,2017-10-03T05:48:58.000+0000,0051I000000ROnuQAG,2017-10-03T05:48:58.000+0000,0051I000000ROnuQAG,2017-10-03T05:48:58.000+0000,,,,,True,False,,,,,,False,Professional Fees - Legal,&IAUcOk1000000I1I1a,P&L Monetary,Professional Fees - Legal,660100,660100 - Professional Fees - Legal,660100 - Professional Fees - Legal,,a1J1I0000001lgzUAA,False,,False,Debit,,,,,,,Income Statement,,Expense
a1I1I0000001kOdUAI,0051I000000ROnuQAG,False,660200 - Professional Fees - Accounting,2017-10-03T05:48:58.000+0000,0051I000000ROnuQAG,2017-10-03T05:48:58.000+0000,0051I000000ROnuQAG,2017-10-03T05:48:58.000+0000,,,,,True,False,,,,,,False,Professional Fees - Accounting,&IAUdOk1000000I1I1a,P&L Monetary,Professional Fees - Accounting,660200,660200 - Professional Fees - Accounting,660200 - Professional Fees - Accounting,,a1J1I0000001lgzUAA,False,,False,Debit,,,,,,,Income Statement,,Expense
a1I1I0000001kOeUAI,0051I000000ROnuQAG,False,660300 - Professional Fees - Consulting,2017-10-03T05:48:58.000+0000,0051I000000ROnuQAG,2017-10-03T05:48:58.000+0000,0051I000000ROnuQAG,2017-10-03T05:48:58.000+0000,,,,,True,False,,,,,,False,Professional Fees - Consulting,&IAUeOk1000000I1I1a,P&L Monetary,Professional Fees - Consulting,660300,660300 - Professional Fees - Consulting,660300 - Professional Fees - Consulting,,a1J1I0000001lgzUAA,False,,False,Debit,,,,,,,Income Statement,,Expense
a1I1I0000001kOfUAI,0051I000000ROnuQAG,False,670000 - Other Administrative Expense,2017-10-03T05:48:58.000+0000,0051I000000ROnuQAG,2017-10-03T05:48:58.000+0000,0051I000000ROnuQAG,2017-10-03T05:48:58.000+0000,,,,,True,False,,,,,,False,Other Administrative Expense,&IAUfOk1000000I1I1a,P&L Monetary,Other Administrative Expense,670000,670000 - Other Administrative Expense,670000 - Other Administrative Expense,,a1J1I0000001lh0UAA,False,,False,Debit,,,,,,,Income Statement,,Expense
a1I1I0000001kOgUAI,0051I000000ROnuQAG,False,670100 - Bank Charges,2017-10-03T05:48:58.000+0000,0051I000000ROnuQAG,2017-10-03T05:48:58.000+0000,0051I000000ROnuQAG,2017-10-03T05:48:58.000+0000,,,,,True,False,,,,,,False,Bank Charges,&IAUgOk1000000I1I1a,P&L Monetary,Bank Charges,670100,670100 - Bank Charges,670100 - Bank Charges,,a1J1I0000001lh0UAA,False,,False,Debit,,,,,,,Income Statement,,Expense
a1I1I0000001kOhUAI,0051I000000ROnuQAG,False,670200 - Bad Debt Expense,2017-10-03T05:48:58.000+0000,0051I000000ROnuQAG,2017-10-03T05:48:58.000+0000,0051I000000ROnuQAG,2017-10-03T05:48:58.000+0000,,,,,True,False,,,,,,False,Bad Debt Expense,&IAUhOk1000000I1I1a,P&L Monetary,Bad Debt Expense,670200,670200 - Bad Debt Expense,670200 - Bad Debt Expense,,a1J1I0000001lh0UAA,False,,False,Debit,,,,,,,Income Statement,,Expense
a1I1I0000001kOiUAI,0051I000000ROnuQAG,False,670300 - Dues & Subscriptions,2017-10-03T05:48:58.000+0000,0051I000000ROnuQAG,2017-10-03T05:48:58.000+0000,0051I000000ROnuQAG,2017-10-03T05:48:58.000+0000,,,,,True,False,,,,,,False,Dues & Subscriptions,&IAUiOk1000000I1I1a,P&L Monetary,Dues & Subscriptions,670300,670300 - Dues & Subscriptions,670300 - Dues & Subscriptions,,a1J1I0000001lh0UAA,False,,False,Debit,,,,,,,Income Statement,,Expense
a1I1I0000001kOkUAI,0051I000000ROnuQAG,False,670500 - Warranty Expense,2017-10-03T05:48:58.000+0000,0051I000000ROnuQAG,2017-10-03T05:48:58.000+0000,0051I000000ROnuQAG,2017-10-03T05:48:58.000+0000,,,,,True,False,,,,,,False,Warranty Expense,&IAUkOk1000000I1I1a,P&L Monetary,Warranty Expense,670500,670500 - Warranty Expense,670500 - Warranty Expense,,a1J1I0000001lh0UAA,False,,False,Debit,,,,,,,Income Statement,,Expense
a1I1I0000001kOlUAI,0051I000000ROnuQAG,False,680000 - Depreciation & Amortization Expense,2017-10-03T05:48:58.000+0000,0051I000000ROnuQAG,2017-10-03T05:48:58.000+0000,0051I000000ROnuQAG,2017-10-03T05:48:58.000+0000,,,,,True,False,,,,,,False,Depreciation & Amortization Expense,&IAUlOk1000000I1I1a,P&L Non-Monetary,Depreciation & Amortization Expense,680000,680000 - Depreciation & Amortization Expense,680000 - Depreciation & Amortization Expense,,a1J1I0000001lh1UAA,False,,False,Debit,,,,,,,Income Statement,,Expense
a1I1I0000001kOmUAI,0051I000000ROnuQAG,False,680100 - Depreciation-Bldgs & Imprvs,2017-10-03T05:48:58.000+0000,0051I000000ROnuQAG,2017-10-03T05:48:58.000+0000,0051I000000ROnuQAG,2017-10-03T05:48:58.000+0000,,,,,True,False,,,,,,False,Depreciation-Bldgs & Imprvs,&IAUmOk1000000I1I1a,P&L Non-Monetary,Depreciation-Bldgs & Imprvs,680100,680100 - Depreciation-Bldgs & Imprvs,680100 - Depreciation-Bldgs & Imprvs,,a1J1I0000001lh1UAA,False,,False,Debit,,,,,,,Income Statement,,Expense
a1I1I0000001kOjUAI,0051I000000ROnuQAG,False,670400 - Office Supplies,2017-10-03T05:48:58.000+0000,0051I000000ROnuQAG,2017-10-03T05:48:58.000+0000,0051I000000ROnuQAG,2017-10-03T05:48:58.000+0000,,,,,True,False,,,,,,False,Office Supplies,&IAUjOk1000000I1I1a,P&L Monetary,Office Supplies,670400,670400 - Office Supplies,670400 - Office Supplies,,a1J1I0000001lh0UAA,False,,False,Debit,,,,,,,Income Statement,,Expense
a1I1I0000001kOnUAI,0051I000000ROnuQAG,False,680200 - Depreciation-Leasehold Imprvs,2017-10-03T05:48:58.000+0000,0051I000000ROnuQAG,2017-10-03T05:48:58.000+0000,0051I000000ROnuQAG,2017-10-03T05:48:58.000+0000,,,,,True,False,,,,,,False,Depreciation-Leasehold Imprvs,&IAUnOk1000000I1I1a,P&L Non-Monetary,Depreciation-Leasehold Imprvs,680200,680200 - Depreciation-Leasehold Imprvs,680200 - Depreciation-Leasehold Imprvs,,a1J1I0000001lh1UAA,False,,False,Credit,,,,,,,Income Statement,,Revenue
a1I1I0000001kOoUAI,0051I000000ROnuQAG,False,680300 - Depreciation-Equipment,2017-10-03T05:48:58.000+0000,0051I000000ROnuQAG,2017-10-03T05:48:58.000+0000,0051I000000ROnuQAG,2017-10-03T05:48:58.000+0000,,,,,True,False,,,,,,False,Depreciation-Equipment,&IAUoOk1000000I1I1a,P&L Non-Monetary,Depreciation-Equipment,680300,680300 - Depreciation-Equipment,680300 - Depreciation-Equipment,,a1J1I0000001lh1UAA,False,,False,Credit,,,,,,,Income Statement,,Revenue
a1I1I0000001kOpUAI,0051I000000ROnuQAG,False,680400 - Depreciation-Furniture & Fixtures,2017-10-03T05:48:58.000+0000,0051I000000ROnuQAG,2017-10-03T05:48:58.000+0000,0051I000000ROnuQAG,2017-10-03T05:48:58.000+0000,,,,,True,False,,,,,,False,Depreciation-Furniture & Fixtures,&IAUpOk1000000I1I1a,P&L Non-Monetary,Depreciation-Furniture & Fixtures,680400,680400 - Depreciation-Furniture & Fixtures,680400 - Depreciation-Furniture & Fixtures,,a1J1I0000001lh1UAA,False,,False,Credit,,,,,,,Income Statement,,Revenue
a1I1I0000001kOqUAI,0051I000000ROnuQAG,False,680500 - Amortization,2017-10-03T05:48:58.000+0000,0051I000000ROnuQAG,2017-10-03T05:48:58.000+0000,0051I000000ROnuQAG,2017-10-03T05:48:58.000+0000,,,,,True,False,,,,,,False,Amortization,&IAUqOk1000000I1I1a,P&L Non-Monetary,Amortization,680500,680500 - Amortization,680500 - Amortization,,a1J1I0000001lh1UAA,False,,False,Debit,,,,,,,Income Statement,,Expense
a1I1I0000001kOrUAI,0051I000000ROnuQAG,False,690000 - Taxes & Licenses,2017-10-03T05:48:58.000+0000,0051I000000ROnuQAG,2017-10-03T05:48:58.000+0000,0051I000000ROnuQAG,2017-10-03T05:48:58.000+0000,,,,,True,False,,,,,,False,Taxes & Licenses,&IAUrOk1000000I1I1a,P&L Non-Monetary,Taxes & Licenses,690000,690000 - Taxes & Licenses,690000 - Taxes & Licenses,,a1J1I0000001lh2UAA,False,,False,Debit,,,Operating Expense,Operating Expense,,,Income Statement,,
a1I1I0000001kOsUAI,0051I000000ROnuQAG,False,690100 - Property Taxes,2017-10-03T05:48:58.000+0000,0051I000000ROnuQAG,2017-10-03T05:48:58.000+0000,0051I000000ROnuQAG,2017-10-03T05:48:58.000+0000,,,,,True,False,,,,,,False,Property Taxes,&IAUsOk1000000I1I1a,P&L Non-Monetary,Property Taxes,690100,690100 - Property Taxes,690100 - Property Taxes,,a1J1I0000001lh2UAA,False,,False,Debit,,,Operating Expense,Operating Expense,,,Income Statement,,
a1I1I0000001kOtUAI,0051I000000ROnuQAG,False,690200 - Sales & Use Taxes,2017-10-03T05:48:58.000+0000,0051I000000ROnuQAG,2017-10-03T05:48:58.000+0000,0051I000000ROnuQAG,2017-10-03T05:48:58.000+0000,,,,,True,False,,,,,,False,Sales & Use Taxes,&IAUtOk1000000I1I1a,P&L Non-Monetary,Sales & Use Taxes,690200,690200 - Sales & Use Taxes,690200 - Sales & Use Taxes,,a1J1I0000001lh2UAA,False,,False,Debit,,,,,,,,,
a1I1I0000001kOuUAI,0051I000000ROnuQAG,False,700000 - Other Expense,2017-10-03T05:48:58.000+0000,0051I000000ROnuQAG,2017-10-03T05:48:58.000+0000,0051I000000ROnuQAG,2017-10-03T05:48:58.000+0000,,,,,True,False,,,,,,False,Other Expense,&IAUuOk1000000I1I1a,P&L Monetary,Other Expense,700000,700000 - Other Expense,700000 - Other Expense,,a1J1I0000001lh3UAA,False,,False,Debit,,,,,,,Income Statement,,Expense
a1I1I0000001kOvUAI,0051I000000ROnuQAG,False,700300 - Rounding Expense,2017-10-03T05:48:58.000+0000,0051I000000ROnuQAG,2017-10-03T05:48:58.000+0000,0051I000000ROnuQAG,2017-10-03T05:48:58.000+0000,,,,,True,False,,,,,,False,Rounding Expense,&IAUvOk1000000I1I1a,P&L Monetary,Rounding Expense,700300,700300 - Rounding Expense,700300 - Rounding Expense,,a1J1I0000001lh3UAA,False,,False,Credit,,,,,,,Income Statement,,Revenue
a1I1I0000001kOwUAI,0051I000000ROnuQAG,False,700400 - Cash Over and Short,2017-10-03T05:48:58.000+0000,0051I000000ROnuQAG,2017-10-03T05:48:58.000+0000,0051I000000ROnuQAG,2017-10-03T05:48:58.000+0000,,,,,True,False,,,,,,False,Cash Over and Short,&IAUwOk1000000I1I1a,P&L Monetary,Cash Over and Short,700400,700400 - Cash Over and Short,700400 - Cash Over and Short,,a1J1I0000001lh3UAA,False,,False,Debit,,,,,,,Income Statement,,Expense
a1I1I0000001kOxUAI,0051I000000ROnuQAG,False,700600 - Interest Expense,2017-10-03T05:48:58.000+0000,0051I000000ROnuQAG,2017-10-03T05:48:58.000+0000,0051I000000ROnuQAG,2017-10-03T05:48:58.000+0000,,,,,True,False,,,,,,False,Interest Expense,&IAUxOk1000000I1I1a,P&L Monetary,Interest Expense,700600,700600 - Interest Expense,700600 - Interest Expense,,a1J1I0000001lh3UAA,False,,False,Credit,,,,,,,Income Statement,,Other Comprehensive Income
a1I1I0000001kOyUAI,0051I000000ROnuQAG,False,700700 - Gain / (Loss) on Disposal of Assets,2017-10-03T05:48:58.000+0000,0051I000000ROnuQAG,2017-10-03T05:48:58.000+0000,0051I000000ROnuQAG,2017-10-03T05:48:58.000+0000,,,,,True,False,,,,,,False,Gain / (Loss) on Disposal of Assets,&IAUyOk1000000I1I1a,P&L Monetary,Gain / (Loss) on Disposal of Assets,700700,700700 - Gain / (Loss) on Disposal of Assets,700700 - Gain / (Loss) on Disposal of Assets,,a1J1I0000001lh3UAA,False,,False,Debit,,,,,,,Income Statement,,Expense
a1I1I0000001kOzUAI,0051I000000ROnuQAG,False,700800 - Unrealized FX,2017-10-03T05:48:58.000+0000,0051I000000ROnuQAG,2017-10-03T05:48:58.000+0000,0051I000000ROnuQAG,2017-10-03T05:48:58.000+0000,,,,,True,False,,,,,,False,Unrealized FX,&IAUzOk1000000I1I1a,UFX,Unrealized FX,700800,700800 - Unrealized FX,700800 - Unrealized FX,,a1J1I0000001lh3UAA,False,,False,,,,,,,,,,
a1I1I0000001kP0UAI,0051I000000ROnuQAG,False,700900 - Realized FX,2017-10-03T05:48:58.000+0000,0051I000000ROnuQAG,2017-10-03T05:48:58.000+0000,0051I000000ROnuQAG,2017-10-03T05:48:58.000+0000,,,,,True,False,,,,,,False,Realized FX,&IAU0Pk1000000I1I1a,RFX,Realized FX,700900,700900 - Realized FX,700900 - Realized FX,,a1J1I0000001lh3UAA,False,,False,,,,,,,,,,
a1I1I0000001kP1UAI,0051I000000ROnuQAG,False,800000 - Other Non-Operating Income,2017-10-03T05:48:58.000+0000,0051I000000ROnuQAG,2017-10-03T05:48:58.000+0000,0051I000000ROnuQAG,2017-10-21T10:11:30.000+0000,,,,,True,False,,,,,,False,Other Non-Operating Income,&IAU1Pk1000000I1I1a,P&L Monetary,Other Non-Operating Income,800000,800000 - Other Non-Operating Income,800000 - Other Non-Operating Income,,a1J1I0000001lh4UAA,False,,False,,,,,,,,,,
a1I1I0000001kP2UAI,0051I000000ROnuQAG,False,800100 - Interest Income,2017-10-03T05:48:58.000+0000,0051I000000ROnuQAG,2017-10-03T05:48:58.000+0000,0051I000000ROnuQAG,2017-10-04T10:39:07.000+0000,2017-10-03T06:39:14.000+0000,2017-10-03T06:39:14.000+0000,,,True,False,,,,,,False,Interest Income,&IAU2Pk1000000I1I1a,P&L Monetary,Interest Income,800100,800100 - Interest Income,800100 - Interest Income,,a1J1I0000001lh4UAA,False,,False,,,,,,,,,,
a1I1I0000001kP3UAI,0051I000000ROnuQAG,False,800200 - Dividend Income,2017-10-03T05:48:58.000+0000,0051I000000ROnuQAG,2017-10-03T05:48:58.000+0000,0051I000000ROnuQAG,2017-11-07T11:46:21.000+0000,,,,,True,False,,,,,,False,Dividend Income,&IAU3Pk1000000I1I1a,P&L Monetary,Dividend Income,800200,800200 - Dividend Income,800200 - Dividend Income,,a1J1I0000001lh4UAA,False,,False,,,,,,,,,,
a1I1I0000001kNKUAY,0051I000000ROnuQAG,False,233000 - Employee Benefits Payable,2017-10-03T05:48:58.000+0000,0051I000000ROnuQAG,2017-10-03T05:48:58.000+0000,0051I000000ROnuQAG,2017-10-03T05:48:58.000+0000,,,,,True,False,,,,,,False,Employee Benefits Payable,&YAUKNk1000000I1I1a,Monetary Non-cash,Employee Benefits Payable,233000,233000 - Employee Benefits Payable,233000 - Employee Benefits Payable,,a1J1I0000001lgoUAA,False,,False,,,,,,,,,,
a1I1I0000001kNLUAY,0051I000000ROnuQAG,False,234000 - 401-K Deductions Payable,2017-10-03T05:48:58.000+0000,0051I000000ROnuQAG,2017-10-03T05:48:58.000+0000,0051I000000ROnuQAG,2017-10-03T05:48:58.000+0000,,,,,True,False,,,,,,False,401-K Deductions Payable,&YAULNk1000000I1I1a,Monetary Non-cash,401-K Deductions Payable,234000,234000 - 401-K Deductions Payable,234000 - 401-K Deductions Payable,,a1J1I0000001lgoUAA,False,,False,,,,,,,,,,
a1I1I0000001kNMUAY,0051I000000ROnuQAG,False,235000 - Health Insurance Payable,2017-10-03T05:48:58.000+0000,0051I000000ROnuQAG,2017-10-03T05:48:58.000+0000,0051I000000ROnuQAG,2017-10-03T05:48:58.000+0000,,,,,True,False,,,,,,False,Health Insurance Payable,&YAUMNk1000000I1I1a,Monetary Non-cash,Health Insurance Payable,235000,235000 - Health Insurance Payable,235000 - Health Insurance Payable,,a1J1I0000001lgoUAA,False,,False,,,,,,,,,,
a1I1I0000001kNNUAY,0051I000000ROnuQAG,False,236000 - Federal Payroll Taxes Payable,2017-10-03T05:48:58.000+0000,0051I000000ROnuQAG,2017-10-03T05:48:58.000+0000,0051I000000ROnuQAG,2017-10-03T05:48:58.000+0000,,,,,True,False,,,,,,False,Federal Payroll Taxes Payable,&YAUNNk1000000I1I1a,Monetary Non-cash,Federal Payroll Taxes Payable,236000,236000 - Federal Payroll Taxes Payable,236000 - Federal Payroll Taxes Payable,,a1J1I0000001lgoUAA,False,,False,,,,,,,,,,
a1I1I0000001kNOUAY,0051I000000ROnuQAG,False,236500 - FUTA Tax Payable,2017-10-03T05:48:58.000+0000,0051I000000ROnuQAG,2017-10-03T05:48:58.000+0000,0051I000000ROnuQAG,2017-10-03T05:48:58.000+0000,,,,,True,False,,,,,,False,FUTA Tax Payable,&YAUONk1000000I1I1a,Monetary Non-cash,FUTA Tax Payable,236500,236500 - FUTA Tax Payable,236500 - FUTA Tax Payable,,a1J1I0000001lgoUAA,False,,False,,,,,,,,,,
a1I1I0000001kNPUAY,0051I000000ROnuQAG,False,237000 - State Payroll Taxes Payable,2017-10-03T05:48:58.000+0000,0051I000000ROnuQAG,2017-10-03T05:48:58.000+0000,0051I000000ROnuQAG,2017-10-03T05:48:58.000+0000,,,,,True,False,,,,,,False,State Payroll Taxes Payable,&YAUPNk1000000I1I1a,Monetary Non-cash,State Payroll Taxes Payable,237000,237000 - State Payroll Taxes Payable,237000 - State Payroll Taxes Payable,,a1J1I0000001lgoUAA,False,,False,,,,,,,,,,
a1I1I0000001kNQUAY,0051I000000ROnuQAG,False,237500 - SUTA Payable,2017-10-03T05:48:58.000+0000,0051I000000ROnuQAG,2017-10-03T05:48:58.000+0000,0051I000000ROnuQAG,2017-10-03T05:48:58.000+0000,,,,,True,False,,,,,,False,SUTA Payable,&YAUQNk1000000I1I1a,Monetary Non-cash,SUTA Payable,237500,237500 - SUTA Payable,237500 - SUTA Payable,,a1J1I0000001lgoUAA,False,,False,,,,,,,,,,
a1I1I0000001kNRUAY,0051I000000ROnuQAG,False,237800 - Interest Payable,2017-10-03T05:48:58.000+0000,0051I000000ROnuQAG,2017-10-03T05:48:58.000+0000,0051I000000ROnuQAG,2017-10-03T05:48:58.000+0000,,,,,True,False,,,,,,False,Interest Payable,&YAURNk1000000I1I1a,Monetary Non-cash,Interest Payable,237800,237800 - Interest Payable,237800 - Interest Payable,,a1J1I0000001lgoUAA,False,,False,Credit,,,,,,,Balance Sheet,,Liabilities
a1I1I0000001kNSUAY,0051I000000ROnuQAG,False,238000 - Local Payroll Taxes Payable,2017-10-03T05:48:58.000+0000,0051I000000ROnuQAG,2017-10-03T05:48:58.000+0000,0051I000000ROnuQAG,2017-10-03T05:48:58.000+0000,,,,,True,False,,,,,,False,Local Payroll Taxes Payable,&YAUSNk1000000I1I1a,Monetary Non-cash,Local Payroll Taxes Payable,238000,238000 - Local Payroll Taxes Payable,238000 - Local Payroll Taxes Payable,,a1J1I0000001lgoUAA,False,,False,,,,,,,,,,
a1I1I0000001kNTUAY,0051I000000ROnuQAG,False,239000 - Income Taxes Payable,2017-10-03T05:48:58.000+0000,0051I000000ROnuQAG,2017-10-03T05:48:58.000+0000,0051I000000ROnuQAG,2017-10-03T05:48:58.000+0000,,,,,True,False,,,,,,False,Income Taxes Payable,&YAUTNk1000000I1I1a,Monetary Non-cash,Income Taxes Payable,239000,239000 - Income Taxes Payable,239000 - Income Taxes Payable,,a1J1I0000001lgoUAA,False,,False,,,,,,,,,,
a1I1I0000001kNUUAY,0051I000000ROnuQAG,False,240000 - Other Taxes Payable,2017-10-03T05:48:58.000+0000,0051I000000ROnuQAG,2017-10-03T05:48:58.000+0000,0051I000000ROnuQAG,2017-10-03T05:48:58.000+0000,,,,,True,False,,,,,,False,Other Taxes Payable,&YAUUNk1000000I1I1a,Monetary Non-cash,Other Taxes Payable,240000,240000 - Other Taxes Payable,240000 - Other Taxes Payable,,a1J1I0000001lgoUAA,False,,False,,,,,,,,,,
a1I1I0000001kNVUAY,0051I000000ROnuQAG,False,242000 - Current Portion of Long-term Debt,2017-10-03T05:48:58.000+0000,0051I000000ROnuQAG,2017-10-03T05:48:58.000+0000,0051I000000ROnuQAG,2017-10-03T05:48:58.000+0000,,,,,True,False,,,,,,False,Current Portion of Long-term Debt,&YAUVNk1000000I1I1a,Monetary Non-cash,Current Portion of Long-term Debt,242000,242000 - Current Portion of Long-term Debt,242000 - Current Portion of Long-term Debt,,a1J1I0000001lgoUAA,False,,False,Credit,,,,,,,Balance Sheet,,Liabilities
a1I1I0000001kNWUAY,0051I000000ROnuQAG,False,244000 - Prepayments Received,2017-10-03T05:48:58.000+0000,0051I000000ROnuQAG,2017-10-03T05:48:58.000+0000,0051I000000ROnuQAG,2017-10-03T05:48:58.000+0000,,,,,True,False,,,,,,False,Prepayments Received,&YAUWNk1000000I1I1a,Monetary Cash,Prepayments Received,244000,244000 - Prepayments Received,244000 - Prepayments Received,,a1J1I0000001lgoUAA,False,,False,,,,,,,,,,
a1I1I0000001kNXUAY,0051I000000ROnuQAG,False,244500 - Bank Line of Credit,2017-10-03T05:48:58.000+0000,0051I000000ROnuQAG,2017-10-03T05:48:58.000+0000,0051I000000ROnuQAG,2017-10-03T05:48:58.000+0000,,,,,True,False,,,,,,False,Bank Line of Credit,&YAUXNk1000000I1I1a,Monetary Cash,Bank Line of Credit,244500,244500 - Bank Line of Credit,244500 - Bank Line of Credit,,a1J1I0000001lgoUAA,False,,False,,,,,,,,,,
a1I1I0000001kNYUAY,0051I000000ROnuQAG,False,245000 - Notes Payable - Short-term,2017-10-03T05:48:58.000+0000,0051I000000ROnuQAG,2017-10-03T05:48:58.000+0000,0051I000000ROnuQAG,2017-10-03T05:48:58.000+0000,,,,,True,False,,,,,,False,Notes Payable - Short-term,&YAUYNk1000000I1I1a,Non-Monetary - Non-Cash,Notes Payable - Short-term,245000,245000 - Notes Payable - Short-term,245000 - Notes Payable - Short-term,,a1J1I0000001lgoUAA,False,,False,,,,,,,,,,
a1I1I0000001kNZUAY,0051I000000ROnuQAG,False,247000 - Warranty Liability,2017-10-03T05:48:58.000+0000,0051I000000ROnuQAG,2017-10-03T05:48:58.000+0000,0051I000000ROnuQAG,2017-10-03T05:48:58.000+0000,,,,,True,False,,,,,,False,Warranty Liability,&YAUZNk1000000I1I1a,Monetary Non-cash,Warranty Liability,247000,247000 - Warranty Liability,247000 - Warranty Liability,,a1J1I0000001lgoUAA,False,,False,,,,,,,,,,
a1I1I0000001kNaUAI,0051I000000ROnuQAG,False,248000 - Other Current Liabilities,2017-10-03T05:48:58.000+0000,0051I000000ROnuQAG,2017-10-03T05:48:58.000+0000,0051I000000ROnuQAG,2017-10-03T05:48:58.000+0000,,,,,True,False,,,,,,False,Other Current Liabilities,&IAUaNk1000000I1I1a,Monetary Non-cash,Other Current Liabilities,248000,248000 - Other Current Liabilities,248000 - Other Current Liabilities,,a1J1I0000001lgoUAA,False,,False,,,,,,,,,,
a1I1I0000001kNbUAI,0051I000000ROnuQAG,False,250000 - Deferred Revenue,2017-10-03T05:48:58.000+0000,0051I000000ROnuQAG,2017-10-03T05:48:58.000+0000,0051I000000ROnuQAG,2017-10-03T05:48:58.000+0000,,,,,True,False,,,,,,False,Deferred Revenue,&IAUbNk1000000I1I1a,Non-monetary,Deferred Revenue,250000,250000 - Deferred Revenue,250000 - Deferred Revenue,,a1J1I0000001lgoUAA,False,,False,Credit,,,,,,,Balance Sheet,,Liabilities
a1I1I0000001kNcUAI,0051I000000ROnuQAG,False,270000 - Notes Payable - Long-term,2017-10-03T05:48:58.000+0000,0051I000000ROnuQAG,2017-10-03T05:48:58.000+0000,0051I000000ROnuQAG,2017-10-03T05:48:58.000+0000,,,,,True,False,,,,,,False,Notes Payable - Long-term,&IAUcNk1000000I1I1a,Non-monetary,Notes Payable - Long-term,270000,270000 - Notes Payable - Long-term,270000 - Notes Payable - Long-term,,a1J1I0000001lgpUAA,False,,False,Credit,,,,,,,Balance Sheet,,Liabilities
a1I1I0000001kNeUAI,0051I000000ROnuQAG,False,274000 - Other Long-term Liabilities,2017-10-03T05:48:58.000+0000,0051I000000ROnuQAG,2017-10-03T05:48:58.000+0000,0051I000000ROnuQAG,2017-10-03T05:48:58.000+0000,,,,,True,False,,,,,,False,Other Long-term Liabilities,&IAUeNk1000000I1I1a,Non-monetary,Other Long-term Liabilities,274000,274000 - Other Long-term Liabilities,274000 - Other Long-term Liabilities,,a1J1I0000001lgpUAA,False,,False,Credit,,,,,,,Balance Sheet,,Equity
a1I1I0000001kNfUAI,0051I000000ROnuQAG,False,300000 - Preferred Stock,2017-10-03T05:48:58.000+0000,0051I000000ROnuQAG,2017-10-03T05:48:58.000+0000,0051I000000ROnuQAG,2017-10-03T05:48:58.000+0000,,,,,True,False,,,,,,False,Preferred Stock,&IAUfNk1000000I1I1a,Historical,Preferred Stock,300000,300000 - Preferred Stock,300000 - Preferred Stock,,a1J1I0000001lgqUAA,False,,False,,,,,,,,,,
a1I1I0000001kNgUAI,0051I000000ROnuQAG,False,301000 - Common Stock,2017-10-03T05:48:58.000+0000,0051I000000ROnuQAG,2017-10-03T05:48:58.000+0000,0051I000000ROnuQAG,2017-10-03T05:48:58.000+0000,,,,,True,False,,,,,,False,Common Stock,&IAUgNk1000000I1I1a,Historical,Common Stock,301000,301000 - Common Stock,301000 - Common Stock,,a1J1I0000001lgqUAA,False,,False,,,,,,,,,,
a1I1I0000001kNhUAI,0051I000000ROnuQAG,False,302000 - Additional paid-in capital,2017-10-03T05:48:58.000+0000,0051I000000ROnuQAG,2017-10-03T05:48:58.000+0000,0051I000000ROnuQAG,2017-10-03T05:48:58.000+0000,,,,,True,False,,,,,,False,Additional paid-in capital,&IAUhNk1000000I1I1a,Historical,Additional paid-in capital,302000,302000 - Additional paid-in capital,302000 - Additional paid-in capital,,a1J1I0000001lgqUAA,False,,False,,,,,,,,,,
a1I1I0000001kNiUAI,0051I000000ROnuQAG,False,302500 - Interco Additional Paid-in-Capital,2017-10-03T05:48:58.000+0000,0051I000000ROnuQAG,2017-10-03T05:48:58.000+0000,0051I000000ROnuQAG,2017-10-03T05:48:58.000+0000,,,,,True,False,,,,,,False,Interco Additional Paid-in-Capital,&IAUiNk1000000I1I1a,Historical,Interco Additional Paid-in-Capital,302500,302500 - Interco Additional Paid-in-Capital,302500 - Interco Additional Paid-in-Capital,,a1J1I0000001lgqUAA,False,,False,,,,,,,,,,
a1I1I0000001kNjUAI,0051I000000ROnuQAG,False,302600 - Dividends,2017-10-03T05:48:58.000+0000,0051I000000ROnuQAG,2017-10-03T05:48:58.000+0000,0051I000000ROnuQAG,2017-10-03T05:48:58.000+0000,,,,,True,False,,,,,,False,Dividends,&IAUjNk1000000I1I1a,Historical,Dividends,302600,302600 - Dividends,302600 - Dividends,,a1J1I0000001lgqUAA,False,,False,,,,,,,,,,
a1I1I0000001kNkUAI,0051I000000ROnuQAG,False,303000 - Retained Earnings,2017-10-03T05:48:58.000+0000,0051I000000ROnuQAG,2017-10-03T05:48:58.000+0000,0051I000000ROnuQAG,2017-10-04T10:39:07.000+0000,2017-10-03T05:54:46.000+0000,2017-10-03T05:54:46.000+0000,,,True,False,,,,,,False,Retained Earnings,&IAUkNk1000000I1I1a,Historical,Retained Earnings,303000,303000 - Retained Earnings,303000 - Retained Earnings,,a1J1I0000001lgqUAA,False,,False,,,,,,,,,,
a1I1I0000001kNlUAI,0051I000000ROnuQAG,False,400000 - Revenue,2017-10-03T05:48:58.000+0000,0051I000000ROnuQAG,2017-10-03T05:48:58.000+0000,0051I000000ROnuQAG,2017-10-03T05:48:58.000+0000,,,,,True,False,,,,,,False,Revenue,&IAUlNk1000000I1I1a,P&L Monetary,Revenue,400000,400000 - Revenue,400000 - Revenue,,a1J1I0000001lgrUAA,False,,False,,,,,,,,,,
a1I1I0000001kNmUAI,0051I000000ROnuQAG,False,480000 - Sales Returns and Allowances,2017-10-03T05:48:58.000+0000,0051I000000ROnuQAG,2017-11-07T17:42:33.000+0000,0051I000000RRW1QAO,2017-11-08T11:48:29.000+0000,,,,,True,False,,,,,,True,Sales Returns and Allowances,&IAUmNk1000000I1I1a,P&L Monetary,Sales Returns and Allowances,480000,480000 - Sales Returns and Allowances,480000 - Sales Returns and Allowances,,a1J1I0000001lgrUAA,False,,False,,,,,,,,,,
a1I1I0000001kNnUAI,0051I000000ROnuQAG,False,490000 - Sales Discounts,2017-10-03T05:48:58.000+0000,0051I000000ROnuQAG,2017-10-19T19:59:26.000+0000,0051I000000RRW1QAO,2017-11-08T11:48:29.000+0000,,,,,True,False,,,,,,True,Sales Discounts,&IAUnNk1000000I1I1a,P&L Monetary,Sales Discounts,490000,490000 - Sales Discounts,490000 - Sales Discounts,,a1J1I0000001lgrUAA,False,,False,,,,,,,,,,
a1I1I0000001kNoUAI,0051I000000ROnuQAG,False,490005 - Unearned Sales Discounts,2017-10-03T05:48:58.000+0000,0051I000000ROnuQAG,2017-10-03T05:48:58.000+0000,0051I000000ROnuQAG,2017-10-03T05:48:58.000+0000,,,,,True,False,,,,,,False,Unearned Sales Discounts,&IAUoNk1000000I1I1a,P&L Monetary,Unearned Sales Discounts,490005,490005 - Unearned Sales Discounts,490005 - Unearned Sales Discounts,,a1J1I0000001lgrUAA,False,,False,,,,,,,,,,
a1I1I0000001kNpUAI,0051I000000ROnuQAG,False,500000 - Cost of Goods Sold (Material),2017-10-03T05:48:58.000+0000,0051I000000ROnuQAG,2017-10-03T05:48:58.000+0000,0051I000000ROnuQAG,2017-10-03T05:48:58.000+0000,,,,,True,False,,,,,,False,Cost of Goods Sold (Material),&IAUpNk1000000I1I1a,P&L Non-Monetary,Cost of Goods Sold (Material),500000,500000 - Cost of Goods Sold (Material),500000 - Cost of Goods Sold (Material),,a1J1I0000001lgsUAA,False,,False,,,,,,,,,,
a1I1I0000001kNqUAI,0051I000000ROnuQAG,False,505000 - Purchase Price Variance,2017-10-03T05:48:58.000+0000,0051I000000ROnuQAG,2017-10-03T05:48:58.000+0000,0051I000000ROnuQAG,2017-10-03T05:48:58.000+0000,,,,,True,False,,,,,,False,Purchase Price Variance,&IAUqNk1000000I1I1a,P&L Non-Monetary,Purchase Price Variance,505000,505000 - Purchase Price Variance,505000 - Purchase Price Variance,,a1J1I0000001lgsUAA,False,,False,,,,,,,,,,
a1I1I0000001kNrUAI,0051I000000ROnuQAG,False,506000 - Raw Material Purchases,2017-10-03T05:48:58.000+0000,0051I000000ROnuQAG,2017-10-03T05:48:58.000+0000,0051I000000ROnuQAG,2017-10-03T05:48:58.000+0000,,,,,True,False,,,,,,False,Raw Material Purchases,&IAUrNk1000000I1I1a,P&L Non-Monetary,Raw Material Purchases,506000,506000 - Raw Material Purchases,506000 - Raw Material Purchases,,a1J1I0000001lgsUAA,False,,False,,,,,,,,,,
a1I1I0000001kNsUAI,0051I000000ROnuQAG,False,510000 - Material Variance,2017-10-03T05:48:58.000+0000,0051I000000ROnuQAG,2017-10-03T05:48:58.000+0000,0051I000000ROnuQAG,2017-10-03T05:48:58.000+0000,,,,,True,False,,,,,,False,Material Variance,&IAUsNk1000000I1I1a,P&L Non-Monetary,Material Variance,510000,510000 - Material Variance,510000 - Material Variance,,a1J1I0000001lgsUAA,False,,False,,,,,,,,,,
a1I1I0000001kNdUAI,0051I000000ROnuQAG,False,272000 - Financing Lease Obligation,2017-10-03T05:48:58.000+0000,0051I000000ROnuQAG,2017-10-03T05:48:58.000+0000,0051I000000ROnuQAG,2017-10-03T05:48:58.000+0000,,,,,True,False,,,,,,False,Financing Lease Obligation,&IAUdNk1000000I1I1a,Non-monetary,Financing Lease Obligation,272000,272000 - Financing Lease Obligation,272000 - Financing Lease Obligation,,a1J1I0000001lgpUAA,False,,False,Credit,,,,,,,Balance Sheet,,Equity
a1I1I0000001kNtUAI,0051I000000ROnuQAG,False,510500 - Labor Absorption,2017-10-03T05:48:58.000+0000,0051I000000ROnuQAG,2017-10-03T05:48:58.000+0000,0051I000000ROnuQAG,2017-10-03T05:48:58.000+0000,,,,,True,False,,,,,,False,Labor Absorption,&IAUtNk1000000I1I1a,P&L Non-Monetary,Labor Absorption,510500,510500 - Labor Absorption,510500 - Labor Absorption,,a1J1I0000001lgsUAA,False,,False,,,,,,,,,,
a1I1I0000001kNuUAI,0051I000000ROnuQAG,False,510600 - Overhead Absorption,2017-10-03T05:48:58.000+0000,0051I000000ROnuQAG,2017-10-03T05:48:58.000+0000,0051I000000ROnuQAG,2017-10-03T05:48:58.000+0000,,,,,True,False,,,,,,False,Overhead Absorption,&IAUuNk1000000I1I1a,P&L Non-Monetary,Overhead Absorption,510600,510600 - Overhead Absorption,510600 - Overhead Absorption,,a1J1I0000001lgsUAA,False,,False,,,,,,,,,,
a1I1I0000001kNvUAI,0051I000000ROnuQAG,False,510700 - Outside Processing Absorption,2017-10-03T05:48:58.000+0000,0051I000000ROnuQAG,2017-10-03T05:48:58.000+0000,0051I000000ROnuQAG,2017-10-03T05:48:58.000+0000,,,,,True,False,,,,,,False,Outside Processing Absorption,&IAUvNk1000000I1I1a,P&L Non-Monetary,Outside Processing Absorption,510700,510700 - Outside Processing Absorption,510700 - Outside Processing Absorption,,a1J1I0000001lgsUAA,False,,False,,,,,,,,,,
a1I1I0000001kNwUAI,0051I000000ROnuQAG,False,560000 - Material Scrap,2017-10-03T05:48:58.000+0000,0051I000000ROnuQAG,2017-10-03T05:48:58.000+0000,0051I000000ROnuQAG,2017-10-03T05:48:58.000+0000,,,,,True,False,,,,,,False,Material Scrap,&IAUwNk1000000I1I1a,P&L Non-Monetary,Material Scrap,560000,560000 - Material Scrap,560000 - Material Scrap,,a1J1I0000001lgsUAA,False,,False,,,,,,,,,,
a1I1I0000001kNxUAI,0051I000000ROnuQAG,False,570000 - Inventory Disposal,2017-10-03T05:48:58.000+0000,0051I000000ROnuQAG,2017-10-03T05:48:58.000+0000,0051I000000ROnuQAG,2017-10-03T05:48:58.000+0000,,,,,True,False,,,,,,False,Inventory Disposal,&IAUxNk1000000I1I1a,P&L Non-Monetary,Inventory Disposal,570000,570000 - Inventory Disposal,570000 - Inventory Disposal,,a1J1I0000001lgsUAA,False,,False,,,,,,,,,,
a1I1I0000001kNyUAI,0051I000000ROnuQAG,False,585000 - Inventory Adjustment,2017-10-03T05:48:58.000+0000,0051I000000ROnuQAG,2017-10-03T05:48:58.000+0000,0051I000000ROnuQAG,2017-10-03T05:48:58.000+0000,,,,,True,False,,,,,,False,Inventory Adjustment,&IAUyNk1000000I1I1a,P&L Non-Monetary,Inventory Adjustment,585000,585000 - Inventory Adjustment,585000 - Inventory Adjustment,,a1J1I0000001lgsUAA,False,,False,,,,,,,,,,
a1I1I0000001kNzUAI,0051I000000ROnuQAG,False,586000 - Inventory Revaluation,2017-10-03T05:48:58.000+0000,0051I000000ROnuQAG,2017-10-03T05:48:58.000+0000,0051I000000ROnuQAG,2017-10-03T05:48:58.000+0000,,,,,True,False,,,,,,False,Inventory Revaluation,&IAUzNk1000000I1I1a,P&L Non-Monetary,Inventory Revaluation,586000,586000 - Inventory Revaluation,586000 - Inventory Revaluation,,a1J1I0000001lgsUAA,False,,False,,,,,,,,,,
a1I1I0000001kO0UAI,0051I000000ROnuQAG,False,590000 - Purchase Returns and Allowances,2017-10-03T05:48:58.000+0000,0051I000000ROnuQAG,2017-11-07T17:42:59.000+0000,0051I000000RRW1QAO,2017-11-08T11:48:29.000+0000,,,,,True,False,,,,,,True,Purchase Returns and Allowances,&IAU0Ok1000000I1I1a,P&L Non-Monetary,Purchase Returns and Allowances,590000,590000 - Purchase Returns and Allowances,590000 - Purchase Returns and Allowances,,a1J1I0000001lgsUAA,False,,False,,,,,,,,,,
a1I1I0000001kO1UAI,0051I000000ROnuQAG,False,595000 - Purchase Discounts,2017-10-03T05:48:58.000+0000,0051I000000ROnuQAG,2017-11-07T17:43:11.000+0000,0051I000000RRW1QAO,2017-11-08T11:48:29.000+0000,,,,,True,False,,,,,,True,Purchase Discounts,&IAU1Ok1000000I1I1a,P&L Non-Monetary,Purchase Discounts,595000,595000 - Purchase Discounts,595000 - Purchase Discounts,,a1J1I0000001lgsUAA,False,,False,,,,,,,,,,
a1I1I0000001kO2UAI,0051I000000ROnuQAG,False,600000 - Employee Expenses,2017-10-03T05:48:58.000+0000,0051I000000ROnuQAG,2017-10-03T05:48:58.000+0000,0051I000000ROnuQAG,2017-10-03T05:48:58.000+0000,,,,,True,False,,,,,,False,Employee Expenses,&IAU2Ok1000000I1I1a,P&L Monetary,Employee Expenses,600000,600000 - Employee Expenses,600000 - Employee Expenses,,a1J1I0000001lgtUAA,False,,False,,,,,,,,,,
a1I1I0000001kO3UAI,0051I000000ROnuQAG,False,600100 - Regular - Hourly,2017-10-03T05:48:58.000+0000,0051I000000ROnuQAG,2017-10-03T05:48:58.000+0000,0051I000000ROnuQAG,2017-10-03T05:48:58.000+0000,,,,,True,False,,,,,,False,Regular - Hourly,&IAU3Ok1000000I1I1a,P&L Monetary,Regular - Hourly,600100,600100 - Regular - Hourly,600100 - Regular - Hourly,,a1J1I0000001lgtUAA,False,,False,,,,,,,,,,
a1I1I0000001kO4UAI,0051I000000ROnuQAG,False,600200 - Regular - Salary,2017-10-03T05:48:58.000+0000,0051I000000ROnuQAG,2017-10-03T05:48:58.000+0000,0051I000000ROnuQAG,2017-10-03T05:48:58.000+0000,,,,,True,False,,,,,,False,Regular - Salary,&IAU4Ok1000000I1I1a,P&L Monetary,Regular - Salary,600200,600200 - Regular - Salary,600200 - Regular - Salary,,a1J1I0000001lgtUAA,False,,False,,,,,,,,,,
a1I1I0000001kMOUAY,0051I000000ROnuQAG,False,100000 - Petty Cash,2017-10-03T05:48:58.000+0000,0051I000000ROnuQAG,2017-10-03T05:48:58.000+0000,0051I000000ROnuQAG,2017-10-03T05:48:58.000+0000,,,,,True,False,,,,,,False,Petty Cash,&YAUOMk1000000I1I1a,Monetary Cash,Petty Cash,100000,100000 - Petty Cash,100000 - Petty Cash,,a1J1I0000001lgmUAA,False,,False,,,,,,,,,,
a1I1I0000001kMPUAY,0051I000000ROnuQAG,False,101000 - Cash,2017-10-03T05:48:58.000+0000,0051I000000ROnuQAG,2017-10-03T05:48:58.000+0000,0051I000000ROnuQAG,2017-10-06T10:39:41.000+0000,,,,,True,False,,,,,,False,Cash,&YAUPMk1000000I1I1a,Monetary Cash,Cash,101000,101000 - Cash,101000 - Cash,,a1J1I0000001lgmUAA,False,,False,,,,,,,,,,
a1I1I0000001kMQUAY,0051I000000ROnuQAG,False,101500 - Cash Clearing,2017-10-03T05:48:58.000+0000,0051I000000ROnuQAG,2017-10-03T05:48:58.000+0000,0051I000000ROnuQAG,2017-11-16T11:14:16.000+0000,2017-11-15T20:15:46.000+0000,2017-11-15T20:15:46.000+0000,,,True,False,,,,,,False,Cash Clearing,&YAUQMk1000000I1I1a,Monetary Cash,Cash Clearing,101500,101500 - Cash Clearing,101500 - Cash Clearing,,a1J1I0000001lgmUAA,False,,False,,,,,,,,,,
a1I1I0000001kMRUAY,0051I000000ROnuQAG,False,102000 - Regular Checking Account,2017-10-03T05:48:58.000+0000,0051I000000ROnuQAG,2017-10-03T05:48:58.000+0000,0051I000000ROnuQAG,2017-10-03T05:48:58.000+0000,,,,,True,False,,,,,,False,Regular Checking Account,&YAURMk1000000I1I1a,Monetary Cash,Regular Checking Account,102000,102000 - Regular Checking Account,102000 - Regular Checking Account,,a1J1I0000001lgmUAA,False,,False,,,,,,,,,,
a1I1I0000001kMZUAY,0051I000000ROnuQAG,False,110000 - Accounts Receivable,2017-10-03T05:48:58.000+0000,0051I000000ROnuQAG,2017-11-07T17:36:40.000+0000,0051I000000RRW1QAO,2017-11-08T11:48:29.000+0000,,,,,True,False,,,,,,False,Accounts Receivable,&YAUZMk1000000I1I1a,Monetary Non-cash,Accounts Receivable,110000,110000 - Accounts Receivable,110000 - Accounts Receivable,,a1J1I0000001lgmUAA,False,,False,,,,,,,AP/AR Aging,,,
a1I1I0000001kMaUAI,0051I000000ROnuQAG,False,112000 - Interco Accounts Receivable,2017-10-03T05:48:58.000+0000,0051I000000ROnuQAG,2017-10-03T05:48:58.000+0000,0051I000000ROnuQAG,2017-10-03T05:48:58.000+0000,,,,,True,False,,,,,,False,Interco Accounts Receivable,&IAUaMk1000000I1I1a,Monetary Non-cash,Interco Accounts Receivable,112000,112000 - Interco Accounts Receivable,112000 - Interco Accounts Receivable,,a1J1I0000001lgmUAA,False,,False,,,,,,,,,,
a1I1I0000001kMbUAI,0051I000000ROnuQAG,False,113000 - Claims Receivable,2017-10-03T05:48:58.000+0000,0051I000000ROnuQAG,2017-10-03T05:48:58.000+0000,0051I000000ROnuQAG,2017-10-03T05:48:58.000+0000,,,,,True,False,,,,,,False,Claims Receivable,&IAUbMk1000000I1I1a,Monetary Non-cash,Claims Receivable,113000,113000 - Claims Receivable,113000 - Claims Receivable,,a1J1I0000001lgmUAA,False,,False,,,,,,,,,,
a1I1I0000001kMcUAI,0051I000000ROnuQAG,False,114000 - Other Receivables,2017-10-03T05:48:58.000+0000,0051I000000ROnuQAG,2017-10-03T05:48:58.000+0000,0051I000000ROnuQAG,2017-10-03T05:48:58.000+0000,,,,,True,False,,,,,,False,Other Receivables,&IAUcMk1000000I1I1a,Monetary Non-cash,Other Receivables,114000,114000 - Other Receivables,114000 - Other Receivables,,a1J1I0000001lgmUAA,False,,False,,,,,,,,,,
a1I1I0000001kMdUAI,0051I000000ROnuQAG,False,120000 - Raw Materials,2017-10-03T05:48:58.000+0000,0051I000000ROnuQAG,2017-10-03T05:48:58.000+0000,0051I000000ROnuQAG,2017-10-03T05:48:58.000+0000,,,,,True,False,,,,,,False,Raw Materials,&IAUdMk1000000I1I1a,Non-monetary,Raw Materials,120000,120000 - Raw Materials,120000 - Raw Materials,,a1J1I0000001lgmUAA,False,,False,,,,,,,,,,
a1I1I0000001kMeUAI,0051I000000ROnuQAG,False,120100 - Finished Goods,2017-10-03T05:48:58.000+0000,0051I000000ROnuQAG,2017-10-03T05:48:58.000+0000,0051I000000ROnuQAG,2017-10-03T05:48:58.000+0000,,,,,True,False,,,,,,False,Finished Goods,&IAUeMk1000000I1I1a,Non-monetary,Finished Goods,120100,120100 - Finished Goods,120100 - Finished Goods,,a1J1I0000001lgmUAA,False,,False,,,,,,,,,,
a1I1I0000001kMfUAI,0051I000000ROnuQAG,False,121000 - Work in Progress (Materials),2017-10-03T05:48:58.000+0000,0051I000000ROnuQAG,2017-10-03T05:48:58.000+0000,0051I000000ROnuQAG,2017-11-07T11:46:21.000+0000,,,,,True,False,,,,,,False,Work in Progress (Materials),&IAUfMk1000000I1I1a,Non-monetary,Work in Progress (Materials),121000,121000 - Work in Progress (Materials),121000 - Work in Progress (Materials),,a1J1I0000001lgmUAA,False,,False,,,,,,,,,,
a1I1I0000001kMgUAI,0051I000000ROnuQAG,False,122000 - Drop Ship Inventory,2017-10-03T05:48:58.000+0000,0051I000000ROnuQAG,2017-10-03T05:48:58.000+0000,0051I000000ROnuQAG,2017-10-03T05:48:58.000+0000,,,,,True,False,,,,,,False,Drop Ship Inventory,&IAUgMk1000000I1I1a,Non-monetary,Drop Ship Inventory,122000,122000 - Drop Ship Inventory,122000 - Drop Ship Inventory,,a1J1I0000001lgmUAA,False,,False,,,,,,,,,,
a1I1I0000001kMhUAI,0051I000000ROnuQAG,False,123000 - In-transit Inventory,2017-10-03T05:48:58.000+0000,0051I000000ROnuQAG,2017-10-03T05:48:58.000+0000,0051I000000ROnuQAG,2017-10-03T05:48:58.000+0000,,,,,True,False,,,,,,False,In-transit Inventory,&IAUhMk1000000I1I1a,Non-monetary,In-transit Inventory,123000,123000 - In-transit Inventory,123000 - In-transit Inventory,,a1J1I0000001lgmUAA,False,,False,,,,,,,,,,
a1I1I0000001kMiUAI,0051I000000ROnuQAG,False,124000 - Used Asset Inventory,2017-10-03T05:48:58.000+0000,0051I000000ROnuQAG,2017-10-03T05:48:58.000+0000,0051I000000ROnuQAG,2017-10-03T05:48:58.000+0000,,,,,True,False,,,,,,False,Used Asset Inventory,&IAUiMk1000000I1I1a,Non-monetary,Used Asset Inventory,124000,124000 - Used Asset Inventory,124000 - Used Asset Inventory,,a1J1I0000001lgmUAA,False,,False,,,,,,,,,,
a1I1I0000001kMjUAI,0051I000000ROnuQAG,False,140000 - Prepaid Expenses,2017-10-03T05:48:58.000+0000,0051I000000ROnuQAG,2017-10-03T05:48:58.000+0000,0051I000000ROnuQAG,2017-10-03T05:48:58.000+0000,,,,,True,False,,,,,,False,Prepaid Expenses,&IAUjMk1000000I1I1a,Non-monetary,Prepaid Expenses,140000,140000 - Prepaid Expenses,140000 - Prepaid Expenses,,a1J1I0000001lgmUAA,False,,False,Debit,,,,,,,Balance Sheet,,Assets
a1I1I0000001kMVUAY,0051I000000ROnuQAG,False,103000 - Payroll Checking Account,2017-10-03T05:48:58.000+0000,0051I000000ROnuQAG,2017-10-03T05:48:58.000+0000,0051I000000ROnuQAG,2017-10-03T05:48:58.000+0000,,,,,True,False,,,,,,False,Payroll Checking Account,&YAUVMk1000000I1I1a,Monetary Cash,Payroll Checking Account,103000,103000 - Payroll Checking Account,103000 - Payroll Checking Account,,a1J1I0000001lgmUAA,False,,False,,,,,,,,,,
a1I1I0000001kMWUAY,0051I000000ROnuQAG,False,104000 - Savings Account,2017-10-03T05:48:58.000+0000,0051I000000ROnuQAG,2017-10-03T05:48:58.000+0000,0051I000000ROnuQAG,2017-10-03T05:48:58.000+0000,,,,,True,False,,,,,,False,Savings Account,&YAUWMk1000000I1I1a,Monetary Cash,Savings Account,104000,104000 - Savings Account,104000 - Savings Account,,a1J1I0000001lgmUAA,False,,False,,,,,,,,,,
a1I1I0000001kMXUAY,0051I000000ROnuQAG,False,106000 - Investments - Money Market,2017-10-03T05:48:58.000+0000,0051I000000ROnuQAG,2017-10-03T05:48:58.000+0000,0051I000000ROnuQAG,2017-10-03T05:48:58.000+0000,,,,,True,False,,,,,,False,Investments - Money Market,&YAUXMk1000000I1I1a,Monetary Cash,Investments - Money Market,106000,106000 - Investments - Money Market,106000 - Investments - Money Market,,a1J1I0000001lgmUAA,False,,False,,,,,,,,,,
a1I1I0000001kMYUAY,0051I000000ROnuQAG,False,107000 - Investments - Certificates of Deposit,2017-10-03T05:48:58.000+0000,0051I000000ROnuQAG,2017-10-03T05:48:58.000+0000,0051I000000ROnuQAG,2017-10-03T05:48:58.000+0000,,,,,True,False,,,,,,False,Investments - Certificates of Deposit,&YAUYMk1000000I1I1a,Monetary Cash,Investments - Certificates of Deposit,107000,107000 - Investments - Certificates of Deposit,107000 - Investments - Certificates of Deposit,,a1J1I0000001lgmUAA,False,,False,,,,,,,,,,
a1I1I0000001kMkUAI,0051I000000ROnuQAG,False,142000 - Notes Receivable - Short-term,2017-10-03T05:48:58.000+0000,0051I000000ROnuQAG,2017-10-03T05:48:58.000+0000,0051I000000ROnuQAG,2017-10-03T05:48:58.000+0000,,,,,True,False,,,,,,False,Notes Receivable - Short-term,&IAUkMk1000000I1I1a,Monetary Non-cash,Notes Receivable - Short-term,142000,142000 - Notes Receivable - Short-term,142000 - Notes Receivable - Short-term,,a1J1I0000001lgmUAA,False,,False,Debit,,,,,,,Balance Sheet,,Assets
a1I1I0000001kMlUAI,0051I000000ROnuQAG,False,147000 - Other Current Assets,2017-10-03T05:48:58.000+0000,0051I000000ROnuQAG,2017-10-03T05:48:58.000+0000,0051I000000ROnuQAG,2017-10-03T05:48:58.000+0000,,,,,True,False,,,,,,False,Other Current Assets,&IAUlMk1000000I1I1a,Monetary Non-cash,Other Current Assets,147000,147000 - Other Current Assets,147000 - Other Current Assets,,a1J1I0000001lgmUAA,False,,False,Debit,,,,,,,Balance Sheet,,Assets
a1I1I0000001kMmUAI,0051I000000ROnuQAG,False,147500 - Allowance for Doubtful Accounts,2017-10-03T05:48:58.000+0000,0051I000000ROnuQAG,2017-11-07T17:38:35.000+0000,0051I000000RRW1QAO,2017-11-08T11:48:29.000+0000,,,,,True,False,,,,,,True,Allowance for Doubtful Accounts,&IAUmMk1000000I1I1a,Monetary Non-cash,Allowance for Doubtful Accounts,147500,147500 - Allowance for Doubtful Accounts,147500 - Allowance for Doubtful Accounts,,a1J1I0000001lgmUAA,False,,False,Debit,,,,,,,Balance Sheet,,Assets
a1I1I0000001kMnUAI,0051I000000ROnuQAG,False,150000 - Furniture and Fixtures,2017-10-03T05:48:58.000+0000,0051I000000ROnuQAG,2017-10-03T05:48:58.000+0000,0051I000000ROnuQAG,2017-10-03T05:48:58.000+0000,,,,,True,False,,,,,,False,Furniture and Fixtures,&IAUnMk1000000I1I1a,Non-monetary,Furniture and Fixtures,150000,150000 - Furniture and Fixtures,150000 - Furniture and Fixtures,,a1J1I0000001lgnUAA,False,,False,,,,,,,,,,
a1I1I0000001kMoUAI,0051I000000ROnuQAG,False,151000 - Equipment,2017-10-03T05:48:58.000+0000,0051I000000ROnuQAG,2017-10-03T05:48:58.000+0000,0051I000000ROnuQAG,2017-10-03T05:48:58.000+0000,,,,,True,False,,,,,,False,Equipment,&IAUoMk1000000I1I1a,Non-monetary,Equipment,151000,151000 - Equipment,151000 - Equipment,,a1J1I0000001lgnUAA,False,,False,,,,,,,,,,
a1I1I0000001kMpUAI,0051I000000ROnuQAG,False,152000 - Computer Hardware,2017-10-03T05:48:58.000+0000,0051I000000ROnuQAG,2017-10-03T05:48:58.000+0000,0051I000000ROnuQAG,2017-10-03T05:48:58.000+0000,,,,,True,False,,,,,,False,Computer Hardware,&IAUpMk1000000I1I1a,Non-monetary,Computer Hardware,152000,152000 - Computer Hardware,152000 - Computer Hardware,,a1J1I0000001lgnUAA,False,,False,,,,,,,,,,
a1I1I000000P55eUAC,0051I000000RRW1QAO,False,800300 - Freight Income,2017-11-06T07:08:11.000+0000,0051I000000RRW1QAO,2017-11-06T07:08:11.000+0000,0051I000000RRW1QAO,2017-11-07T11:46:21.000+0000,,,,,True,False,,,,,,False,Freight Income,&CAUe55P000000I1I1a,P/L Monetary,Freight Income,800300,800300 - Freight Income,800300 - Freight Income,,a1J1I0000001lh4UAA,False,,False,,,,,,,,,,
a1I1I000000P55jUAC,0051I000000RRW1QAO,False,900000 - Income Tax,2017-11-06T07:09:20.000+0000,0051I000000RRW1QAO,2017-11-06T07:09:20.000+0000,0051I000000RRW1QAO,2017-11-07T11:46:21.000+0000,,,,,True,False,,,,,,False,Income Tax,&CAUj55P000000I1I1a,P/L Monetary,Income Tax,900000,900000 - Income Tax,900000 - Income Tax,,a1J1I0000001lh5UAA,False,,False,,,,,,,,,,
