Id,OwnerId,IsDeleted,Name,CreatedDate,CreatedById,LastModifiedDate,LastModifiedById,SystemModstamp,LastViewedDate,LastReferencedDate,Account_Range_From__c,Account_Range_To__c,Active__c,Cash_Flow_Report_Cash__c,Cash_Flow_Report_Financing_Activity__c,Cash_Flow_Report_Investing_Activity__c,Cash_Flow_Report_Operating_Activity__c,Cash_Flow_Report_Section_Grouping__c,Cash_Flow_Subsection__c,Contra_Account__c,Description__c,ExtId__c,FX_Type__c,GL_Account_Name__c,GL_Account_Number__c,GL_Account_Unique__c,GL_Group__c,GL_Type_Code__c,GL_Type__c,Include_in_Budgets__c,Income_Statement_Report_Section_Grouping__c,Non_Cash__c,Normal_Balance__c,Order__c,Parent_GL_Account_Number__c,Report_Section_Grouping__c,Report_Section__c,Report_Sub_Section__c,Reports__c,Statement_Type__c,SubAccount_of__c,Type__c
,,,153000 - Computer Software,,,,,,,,,,True,False,,,,,,False,Computer Software,&IAUqMk1000000I1I1a,Non-monetary,Computer Software,153000,,,,a1J1I000001AuVQUA0,False,,False,,,,,,,,,,
,,,154000 - Vehicles,,,,,,,,,,True,False,,,,,,False,Vehicles,&IAUrMk1000000I1I1a,Non-monetary,Vehicles,154000,,,,a1J1I000001AuVQUA0,False,,False,,,,,,,,,,
,,,155000 - Leasehold Improvements,,,,,,,,,,True,False,,,,,,False,Leasehold Improvements,&IAUsMk1000000I1I1a,Non-monetary,Leasehold Improvements,155000,,,,a1J1I000001AuVQUA0,False,,False,,,,,,,,,,
,,,156000 - Buildings,,,,,,,,,,True,False,,,,,,False,Buildings,&IAUtMk1000000I1I1a,Non-monetary,Buildings,156000,,,,a1J1I000001AuVQUA0,False,,False,,,,,,,,,,
,,,157000 - Building Improvements,,,,,,,,,,True,False,,,,,,False,Building Improvements,&IAUuMk1000000I1I1a,Non-monetary,Building Improvements,157000,,,,a1J1I000001AuVQUA0,False,,False,,,,,,,,,,
,,,160000 - Land,,,,,,,,,,True,False,,,,,,False,Land,&IAUvMk1000000I1I1a,Non-monetary,Land,160000,,,,a1J1I000001AuVQUA0,False,,False,,,,,,,,,,
,,,160400 - Unclassified Assets,,,,,,,,,,True,False,,,,,,False,Unclassified Assets,&IAUwMk1000000I1I1a,Non-monetary,Unclassified Assets,160400,,,,a1J1I000001AuVQUA0,False,,False,,,,,,,,,,
,,,160499 - FA Clearing Account,,,,,,,,,,True,False,,,,,,False,FA Clearing Account,&IAUxMk1000000I1I1a,Non-monetary,FA Clearing Account,160499,,,,a1J1I000001AuVQUA0,False,,False,,,,,,,,,,
,,,160500 - Construction In Progress,,,,,,,,,,True,False,,,,,,False,Construction In Progress,&IAUyMk1000000I1I1a,Non-monetary,Construction In Progress,160500,,,,a1J1I000001AuVQUA0,False,,False,,,,,,,,,,
,,,165000 - Organization Costs,,,,,,,,,,True,False,,,,,,False,Organization Costs,&IAUzMk1000000I1I1a,Non-monetary,Organization Costs,165000,,,,a1J1I000001AuVQUA0,False,,False,,,,,,,,,,
,,,165100 - Notes Receivable - Long-term,,,,,,,,,,True,False,,,,,,False,Notes Receivable - Long-term,&IAU0Nk1000000I1I1a,Non-monetary,Notes Receivable - Long-term,165100,,,,a1J1I000001AuVQUA0,False,,False,Credit,,,,,,,Balance Sheet,,Assets
,,,165200 - Interco Investments,,,,,,,,,,True,False,,,,,,False,Interco Investments,&IAU1Nk1000000I1I1a,Historical,Interco Investments,165200,,,,a1J1I000001AuVQUA0,False,,False,Credit,,,,,,,Balance Sheet,,Assets
,,,165300 - Other Non-current Assets,,,,,,,,,,True,False,,,,,,False,Other Non-current Assets,&IAU2Nk1000000I1I1a,Non-monetary,Other Non-current Assets,165300,,,,a1J1I000001AuVQUA0,False,,False,Credit,,,,,,,Balance Sheet,,Assets
,,,170000 - Accumulated Depreciation - Furniture and Fixtures,,,,,,,,,,True,False,,,,,,True,Accumulated Depreciation - Furniture and Fixtures,&IAU3Nk1000000I1I1a,Non-monetary,Accumulated Depreciation - Furniture and Fixtures,170000,,,,a1J1I000001AuVQUA0,False,,False,,,,,,,,,,
,,,171000 - Accumulated Depreciation - Equipment,,,,,,,,,,True,False,,,,,,True,Accumulated Depreciation - Equipment,&IAU4Nk1000000I1I1a,Non-monetary,Accumulated Depreciation - Equipment,171000,,,,a1J1I000001AuVQUA0,False,,False,,,,,,,,,,
,,,172000 - Accumulated Depreciation - Computer Hardware,,,,,,,,,,True,False,,,,,,True,Accumulated Depreciation - Computer Hardware,&IAU5Nk1000000I1I1a,Non-monetary,Accumulated Depreciation - Computer Hardware,172000,,,,a1J1I000001AuVQUA0,False,,False,,,,,,,,,,
,,,173000 - Accumulated Depreciation - Computer Software,,,,,,,,,,True,False,,,,,,True,Accumulated Depreciation - Computer Software,&IAU6Nk1000000I1I1a,Non-monetary,Accumulated Depreciation - Computer Software,173000,,,,a1J1I000001AuVQUA0,False,,False,,,,,,,,,,
,,,174000 - Accumulated Depreciation - Vehicles,,,,,,,,,,True,False,,,,,,True,Accumulated Depreciation - Vehicles,&IAU7Nk1000000I1I1a,Non-monetary,Accumulated Depreciation - Vehicles,174000,,,,a1J1I000001AuVQUA0,False,,False,,,,,,,,,,
,,,175000 - Accumulated Depreciation - Leasehold,,,,,,,,,,True,False,,,,,,True,Accumulated Depreciation - Leasehold,&IAU8Nk1000000I1I1a,Non-monetary,Accumulated Depreciation - Leasehold,175000,,,,a1J1I000001AuVQUA0,False,,False,,,,,,,,,,
,,,176000 - Accumulated Depreciation - Buildings,,,,,,,,,,True,False,,,,,,True,Accumulated Depreciation - Buildings,&IAU9Nk1000000I1I1a,Non-monetary,Accumulated Depreciation - Buildings,176000,,,,a1J1I000001AuVQUA0,False,,False,,,,,,,,,,
,,,177000 - Accumulated Depreciation - Building Improvements,,,,,,,,,,True,False,,,,,,True,Accumulated Depreciation - Building Improvements,&YAUANk1000000I1I1a,Non-monetary,Accumulated Depreciation - Building Improvements,177000,,,,a1J1I000001AuVQUA0,False,,False,,,,,,,,,,
,,,190500 - Accumulated Amortization - Organization Costs,,,,,,,,,,True,False,,,,,,True,Accumulated Amortization - Organization Costs,&YAUBNk1000000I1I1a,Non-monetary,Accumulated Amortization - Organization Costs,190500,,,,a1J1I000001AuVQUA0,False,,False,,,,,,,,,,
,,,200000 - Accounts Payable,,,,,,,,,,True,False,,,,,,False,Accounts Payable,&YAUCNk1000000I1I1a,Monetary Non-cash,Accounts Payable,200000,,,,a1J1I000001AuVSUA0,False,,False,,,,,,,,,,
,,,212000 - Interco Accounts Payable,,,,,,,,,,True,False,,,,,,False,Interco Accounts Payable,&YAUDNk1000000I1I1a,Monetary Non-cash,Interco Accounts Payable,212000,,,,a1J1I000001AuVSUA0,False,,False,Credit,,,Current Liabilities,Current Liabilities,,,Balance Sheet,,
,,,220000 - Goods Received Not Invoiced,,,,,,,,,,True,False,,,,,,False,Goods Received Not Invoiced,&YAUENk1000000I1I1a,Monetary Non-cash,Goods Received Not Invoiced,220000,,,,a1J1I000001AuVSUA0,False,,False,Credit,,,,,,,Balance Sheet,,Liabilities
,,,230000 - Accrued Expenses,,,,,,,,,,True,False,,,,,,False,Accrued Expenses,&YAUFNk1000000I1I1a,Monetary Non-cash,Accrued Expenses,230000,,,,a1J1I000001AuVSUA0,False,,False,Credit,,,,,,,Balance Sheet,,Liabilities
,,,230500 - Allowances Payable,,,,,,,,,,True,False,,,,,,False,Allowances Payable,&YAUGNk1000000I1I1a,Monetary Non-cash,Allowances Payable,230500,,,,a1J1I000001AuVSUA0,False,,False,Credit,,,,,,AP/AR Aging,Balance Sheet,,Liabilities
,,,231000 - Sales Tax Payable,,,,,,,,,,True,False,,,,,,False,Sales Tax Payable,&YAUHNk1000000I1I1a,Monetary Non-cash,Sales Tax Payable,231000,,,,a1J1I000001AuVSUA0,False,,False,,,,,,,,,,
,,,231500 - VAT Payable,,,,,,,,,,True,False,,,,,,False,VAT Payable,&YAUINk1000000I1I1a,Monetary Non-cash,VAT Payable,231500,,,,a1J1I000001AuVSUA0,False,,False,,,,,,,,,,
,,,232000 - Wages Payable,,,,,,,,,,True,False,,,,,,False,Wages Payable,&YAUJNk1000000I1I1a,Monetary Non-cash,Wages Payable,232000,,,,a1J1I000001AuVSUA0,False,,False,,,,,,,,,,
,,,600400 - Vacation Pay,,,,,,,,,,True,False,,,,,,False,Vacation Pay,&IAU6Ok1000000I1I1a,P&L Monetary,Vacation Pay,600400,,,,a1J1I000001AuVOUA0,False,,False,,,,,,,,,,
,,,600500 - Holiday Pay,,,,,,,,,,True,False,,,,,,False,Holiday Pay,&IAU7Ok1000000I1I1a,P&L Monetary,Holiday Pay,600500,,,,a1J1I000001AuVOUA0,False,,False,,,,,,,,,,
,,,600600 - Personal Time Off,,,,,,,,,,True,False,,,,,,False,Personal Time Off,&IAU8Ok1000000I1I1a,P&L Monetary,Personal Time Off,600600,,,,a1J1I000001AuVOUA0,False,,False,,,,,,,,,,
,,,600700 - Contract Labor,,,,,,,,,,True,False,,,,,,False,Contract Labor,&IAU9Ok1000000I1I1a,P&L Monetary,Contract Labor,600700,,,,a1J1I000001AuVOUA0,False,,False,,,,,,,,,,
,,,600300 - Commissions,,,,,,,,,,True,False,,,,,,False,Commissions,&IAU5Ok1000000I1I1a,P&L Monetary,Commissions,600300,,,,a1J1I000001AuVOUA0,False,,False,,,,,,,,,,
,,,600900 - Payroll Employer Taxes,,,,,,,,,,True,False,,,,,,False,Payroll Employer Taxes,&YAUAOk1000000I1I1a,P&L Monetary,Payroll Employer Taxes,600900,,,,a1J1I000001AuVOUA0,False,,False,,,,,,,,,,
,,,610000 - Benefits Expense,,,,,,,,,,True,False,,,,,,False,Benefits Expense,&YAUBOk1000000I1I1a,P&L Monetary,Benefits Expense,610000,,,,a1J1I000001AuVVUA0,False,,False,Debit,,,,,,,,,
,,,610100 - Health Insurance,,,,,,,,,,True,False,,,,,,False,Health Insurance,&YAUCOk1000000I1I1a,P&L Monetary,Health Insurance,610100,,,,a1J1I000001AuVVUA0,False,,False,Debit,,,,,,,Income Statement,,Expense
,,,610200 - Retirement Contributions,,,,,,,,,,True,False,,,,,,False,Retirement Contributions,&YAUDOk1000000I1I1a,P&L Monetary,Retirement Contributions,610200,,,,a1J1I000001AuVVUA0,False,,False,Debit,,,,,,,Income Statement,,Expense
,,,610300 - Workers Compensation,,,,,,,,,,True,False,,,,,,False,Workers Compensation,&YAUEOk1000000I1I1a,P&L Monetary,Workers Compensation,610300,,,,a1J1I000001AuVVUA0,False,,False,Debit,,,,,,,Income Statement,,
,,,620000 - Travel,,,,,,,,,,True,False,,,,,,False,Travel,&YAUFOk1000000I1I1a,P&L Monetary,Travel,620000,,,,a1J1I000001AuVLUA0,False,,False,Debit,,,,,,,Income Statement,,Expense
,,,620100 - Lodging,,,,,,,,,,True,False,,,,,,False,Lodging,&YAUGOk1000000I1I1a,P&L Monetary,Lodging,620100,,,,a1J1I000001AuVLUA0,False,,False,Debit,,,,,,,Income Statement,,Expense
,,,620200 - Meals,,,,,,,,,,True,False,,,,,,False,Meals,&YAUHOk1000000I1I1a,P&L Monetary,Meals,620200,,,,a1J1I000001AuVLUA0,False,,False,Debit,,,,,,,Income Statement,,Expense
,,,620300 - Entertainment,,,,,,,,,,True,False,,,,,,False,Entertainment,&YAUIOk1000000I1I1a,P&L Monetary,Entertainment,620300,,,,a1J1I000001AuVLUA0,False,,False,Debit,,,,,,,Income Statement,,Expense
,,,630000 - Rent,,,,,,,,,,True,False,,,,,,False,Rent,&YAUJOk1000000I1I1a,P&L Monetary,Rent,630000,,,,a1J1I000001AuVcUAK,False,,False,Debit,,,,,,,Income Statement,,Expense
,,,630100 - Building Maintenance,,,,,,,,,,True,False,,,,,,False,Building Maintenance,&YAUKOk1000000I1I1a,P&L Monetary,Building Maintenance,630100,,,,a1J1I000001AuVcUAK,False,,False,Debit,,,,,,,,,Expense
,,,630200 - Utilities Expense,,,,,,,,,,True,False,,,,,,False,Utilities Expense,&YAULOk1000000I1I1a,P&L Monetary,Utilities Expense,630200,,,,a1J1I000001AuVcUAK,False,,False,Debit,,,,,,,Income Statement,,Expense
,,,630300 - Telephone Expense,,,,,,,,,,True,False,,,,,,False,Telephone Expense,&YAUMOk1000000I1I1a,P&L Monetary,Telephone Expense,630300,,,,a1J1I000001AuVcUAK,False,,False,Debit,,,,,,,Income Statement,,Expense
,,,630400 - Other Operating Expense,,,,,,,,,,True,False,,,,,,False,Other Operating Expense,&YAUNOk1000000I1I1a,P&L Monetary,Other Operating Expense,630400,,,,a1J1I000001AuVcUAK,False,,False,Debit,,,,,,,Income Statement,,Expense
,,,630500 - Equipment Lease Expense,,,,,,,,,,True,False,,,,,,False,Equipment Lease Expense,&YAUOOk1000000I1I1a,P&L Monetary,Equipment Lease Expense,630500,,,,a1J1I000001AuVcUAK,False,,False,Debit,,,,,,,Income Statement,,Expense
,,,630600 - General Equipment Repairs,,,,,,,,,,True,False,,,,,,False,General Equipment Repairs,&YAUPOk1000000I1I1a,P&L Monetary,General Equipment Repairs,630600,,,,a1J1I000001AuVcUAK,False,,False,Debit,,,,,,,Income Statement,,Expense
,,,630700 - Equipment Maintenance,,,,,,,,,,True,False,,,,,,False,Equipment Maintenance,&YAUQOk1000000I1I1a,P&L Monetary,Equipment Maintenance,630700,,,,a1J1I000001AuVcUAK,False,,False,Debit,,,,,,,Income Statement,,Expense
,,,630800 - Charitable Contributions,,,,,,,,,,True,False,,,,,,False,Charitable Contributions,&YAUROk1000000I1I1a,P&L Monetary,Charitable Contributions,630800,,,,a1J1I000001AuVcUAK,False,,False,Debit,,,,,,,Income Statement,,Expense
,,,635000 - Research & Development,,,,,,,,,,True,False,,,,,,False,Research & Development,&YAUSOk1000000I1I1a,P&L Monetary,Research & Development,635000,,,,a1J1I000001AuVcUAK,False,,False,Debit,,,,,,,Income Statement,,Expense
,,,640000 - Advertising / Marketing Expense,,,,,,,,,,True,False,,,,,,False,Advertising / Marketing Expense,&YAUTOk1000000I1I1a,P&L Monetary,Advertising / Marketing Expense,640000,,,,a1J1I000001AuVRUA0,False,,False,Debit,,,,,,,Income Statement,,Expense
,,,640100 - Outgoing Freight Expense,,,,,,,,,,True,False,,,,,,False,Outgoing Freight Expense,&YAUUOk1000000I1I1a,P&L Monetary,Outgoing Freight Expense,640100,,,,a1J1I000001AuVRUA0,False,,False,Debit,,,,,,,Income Statement,,Expense
,,,640200 - Inventory Damaged Goods,,,,,,,,,,True,False,,,,,,False,Inventory Damaged Goods,&YAUVOk1000000I1I1a,P&L Monetary,Inventory Damaged Goods,640200,,,,a1J1I000001AuVRUA0,False,,False,Debit,,,,,,,Income Statement,,Expense
,,,650000 - Insurance Expense,,,,,,,,,,True,False,,,,,,False,Insurance Expense,&YAUWOk1000000I1I1a,P&L Monetary,Insurance Expense,650000,,,,a1J1I000001AuVPUA0,False,,False,Debit,,,,,,,Income Statement,,Expense
,,,650100 - Auto Insurance,,,,,,,,,,True,False,,,,,,False,Auto Insurance,&YAUXOk1000000I1I1a,P&L Monetary,Auto Insurance,650100,,,,a1J1I000001AuVPUA0,False,,False,Debit,,,,,,,Income Statement,,Expense
,,,650200 - Building Insurance,,,,,,,,,,True,False,,,,,,False,Building Insurance,&YAUYOk1000000I1I1a,P&L Monetary,Building Insurance,650200,,,,a1J1I000001AuVPUA0,False,,False,Debit,,,,,,,Income Statement,,Expense
,,,650300 - General Liability Insurance,,,,,,,,,,True,False,,,,,,False,General Liability Insurance,&YAUZOk1000000I1I1a,P&L Monetary,General Liability Insurance,650300,,,,a1J1I000001AuVPUA0,False,,False,Debit,,,,,,,Income Statement,,Expense
,,,650400 - Property Insurance,,,,,,,,,,True,False,,,,,,False,Property Insurance,&IAUaOk1000000I1I1a,P&L Monetary,Property Insurance,650400,,,,a1J1I000001AuVPUA0,False,,False,Debit,,,,,,,Income Statement,,Expense
,,,660000 - Professional Fees,,,,,,,,,,True,False,,,,,,False,Professional Fees,&IAUbOk1000000I1I1a,P&L Monetary,Professional Fees,660000,,,,a1J1I000001AuVZUA0,False,,False,Debit,,,,,,,Income Statement,,Expense
,,,660100 - Professional Fees - Legal,,,,,,,,,,True,False,,,,,,False,Professional Fees - Legal,&IAUcOk1000000I1I1a,P&L Monetary,Professional Fees - Legal,660100,,,,a1J1I000001AuVZUA0,False,,False,Debit,,,,,,,Income Statement,,Expense
,,,660200 - Professional Fees - Accounting,,,,,,,,,,True,False,,,,,,False,Professional Fees - Accounting,&IAUdOk1000000I1I1a,P&L Monetary,Professional Fees - Accounting,660200,,,,a1J1I000001AuVZUA0,False,,False,Debit,,,,,,,Income Statement,,Expense
,,,660300 - Professional Fees - Consulting,,,,,,,,,,True,False,,,,,,False,Professional Fees - Consulting,&IAUeOk1000000I1I1a,P&L Monetary,Professional Fees - Consulting,660300,,,,a1J1I000001AuVZUA0,False,,False,Debit,,,,,,,Income Statement,,Expense
,,,670000 - Other Administrative Expense,,,,,,,,,,True,False,,,,,,False,Other Administrative Expense,&IAUfOk1000000I1I1a,P&L Monetary,Other Administrative Expense,670000,,,,a1J1I000001AuVbUAK,False,,False,Debit,,,,,,,Income Statement,,Expense
,,,670100 - Bank Charges,,,,,,,,,,True,False,,,,,,False,Bank Charges,&IAUgOk1000000I1I1a,P&L Monetary,Bank Charges,670100,,,,a1J1I000001AuVbUAK,False,,False,Debit,,,,,,,Income Statement,,Expense
,,,670200 - Bad Debt Expense,,,,,,,,,,True,False,,,,,,False,Bad Debt Expense,&IAUhOk1000000I1I1a,P&L Monetary,Bad Debt Expense,670200,,,,a1J1I000001AuVbUAK,False,,False,Debit,,,,,,,Income Statement,,Expense
,,,670300 - Dues & Subscriptions,,,,,,,,,,True,False,,,,,,False,Dues & Subscriptions,&IAUiOk1000000I1I1a,P&L Monetary,Dues & Subscriptions,670300,,,,a1J1I000001AuVbUAK,False,,False,Debit,,,,,,,Income Statement,,Expense
,,,670500 - Warranty Expense,,,,,,,,,,True,False,,,,,,False,Warranty Expense,&IAUkOk1000000I1I1a,P&L Monetary,Warranty Expense,670500,,,,a1J1I000001AuVbUAK,False,,False,Debit,,,,,,,Income Statement,,Expense
,,,680000 - Depreciation & Amortization Expense,,,,,,,,,,True,False,,,,,,False,Depreciation & Amortization Expense,&IAUlOk1000000I1I1a,P&L Non-Monetary,Depreciation & Amortization Expense,680000,,,,a1J1I000001AuVUUA0,False,,False,Debit,,,,,,,Income Statement,,Expense
,,,680100 - Depreciation-Bldgs & Imprvs,,,,,,,,,,True,False,,,,,,False,Depreciation-Bldgs & Imprvs,&IAUmOk1000000I1I1a,P&L Non-Monetary,Depreciation-Bldgs & Imprvs,680100,,,,a1J1I000001AuVUUA0,False,,False,Debit,,,,,,,Income Statement,,Expense
,,,670400 - Office Supplies,,,,,,,,,,True,False,,,,,,False,Office Supplies,&IAUjOk1000000I1I1a,P&L Monetary,Office Supplies,670400,,,,a1J1I000001AuVbUAK,False,,False,Debit,,,,,,,Income Statement,,Expense
,,,680200 - Depreciation-Leasehold Imprvs,,,,,,,,,,True,False,,,,,,False,Depreciation-Leasehold Imprvs,&IAUnOk1000000I1I1a,P&L Non-Monetary,Depreciation-Leasehold Imprvs,680200,,,,a1J1I000001AuVUUA0,False,,False,Credit,,,,,,,Income Statement,,Revenue
,,,680300 - Depreciation-Equipment,,,,,,,,,,True,False,,,,,,False,Depreciation-Equipment,&IAUoOk1000000I1I1a,P&L Non-Monetary,Depreciation-Equipment,680300,,,,a1J1I000001AuVUUA0,False,,False,Credit,,,,,,,Income Statement,,Revenue
,,,680400 - Depreciation-Furniture & Fixtures,,,,,,,,,,True,False,,,,,,False,Depreciation-Furniture & Fixtures,&IAUpOk1000000I1I1a,P&L Non-Monetary,Depreciation-Furniture & Fixtures,680400,,,,a1J1I000001AuVUUA0,False,,False,Credit,,,,,,,Income Statement,,Revenue
,,,680500 - Amortization,,,,,,,,,,True,False,,,,,,False,Amortization,&IAUqOk1000000I1I1a,P&L Non-Monetary,Amortization,680500,,,,a1J1I000001AuVUUA0,False,,False,Debit,,,,,,,Income Statement,,Expense
,,,690000 - Taxes & Licenses,,,,,,,,,,True,False,,,,,,False,Taxes & Licenses,&IAUrOk1000000I1I1a,P&L Non-Monetary,Taxes & Licenses,690000,,,,a1J1I000001AuVTUA0,False,,False,Debit,,,Operating Expense,Operating Expense,,,Income Statement,,
,,,690100 - Property Taxes,,,,,,,,,,True,False,,,,,,False,Property Taxes,&IAUsOk1000000I1I1a,P&L Non-Monetary,Property Taxes,690100,,,,a1J1I000001AuVTUA0,False,,False,Debit,,,Operating Expense,Operating Expense,,,Income Statement,,
,,,690200 - Sales & Use Taxes,,,,,,,,,,True,False,,,,,,False,Sales & Use Taxes,&IAUtOk1000000I1I1a,P&L Non-Monetary,Sales & Use Taxes,690200,,,,a1J1I000001AuVTUA0,False,,False,Debit,,,,,,,,,
,,,700000 - Other Expense,,,,,,,,,,True,False,,,,,,False,Other Expense,&IAUuOk1000000I1I1a,P&L Monetary,Other Expense,700000,,,,a1J1I000001AuVdUAK,False,,False,Debit,,,,,,,Income Statement,,Expense
,,,700300 - Rounding Expense,,,,,,,,,,True,False,,,,,,False,Rounding Expense,&IAUvOk1000000I1I1a,P&L Monetary,Rounding Expense,700300,,,,a1J1I000001AuVdUAK,False,,False,Credit,,,,,,,Income Statement,,Revenue
,,,700400 - Cash Over and Short,,,,,,,,,,True,False,,,,,,False,Cash Over and Short,&IAUwOk1000000I1I1a,P&L Monetary,Cash Over and Short,700400,,,,a1J1I000001AuVdUAK,False,,False,Debit,,,,,,,Income Statement,,Expense
,,,700600 - Interest Expense,,,,,,,,,,True,False,,,,,,False,Interest Expense,&IAUxOk1000000I1I1a,P&L Monetary,Interest Expense,700600,,,,a1J1I000001AuVdUAK,False,,False,Credit,,,,,,,Income Statement,,Other Comprehensive Income
,,,700700 - Gain / (Loss) on Disposal of Assets,,,,,,,,,,True,False,,,,,,False,Gain / (Loss) on Disposal of Assets,&IAUyOk1000000I1I1a,P&L Monetary,Gain / (Loss) on Disposal of Assets,700700,,,,a1J1I000001AuVdUAK,False,,False,Debit,,,,,,,Income Statement,,Expense
,,,700800 - Unrealized FX,,,,,,,,,,True,False,,,,,,False,Unrealized FX,&IAUzOk1000000I1I1a,UFX,Unrealized FX,700800,,,,a1J1I000001AuVdUAK,False,,False,,,,,,,,,,
,,,700900 - Realized FX,,,,,,,,,,True,False,,,,,,False,Realized FX,&IAU0Pk1000000I1I1a,RFX,Realized FX,700900,,,,a1J1I000001AuVdUAK,False,,False,,,,,,,,,,
,,,800000 - Other Non-Operating Income,,,,,,,,,,True,False,,,,,,False,Other Non-Operating Income,&IAU1Pk1000000I1I1a,P&L Monetary,Other Non-Operating Income,800000,,,,a1J1I000001AuVYUA0,False,,False,,,,,,,,,,
,,,800100 - Interest Income,,,,,,,,,,True,False,,,,,,False,Interest Income,&IAU2Pk1000000I1I1a,P&L Monetary,Interest Income,800100,,,,a1J1I000001AuVYUA0,False,,False,,,,,,,,,,
,,,800200 - Dividend Income,,,,,,,,,,True,False,,,,,,False,Dividend Income,&IAU3Pk1000000I1I1a,P&L Monetary,Dividend Income,800200,,,,a1J1I000001AuVYUA0,False,,False,,,,,,,,,,
,,,233000 - Employee Benefits Payable,,,,,,,,,,True,False,,,,,,False,Employee Benefits Payable,&YAUKNk1000000I1I1a,Monetary Non-cash,Employee Benefits Payable,233000,,,,a1J1I000001AuVSUA0,False,,False,,,,,,,,,,
,,,234000 - 401-K Deductions Payable,,,,,,,,,,True,False,,,,,,False,401-K Deductions Payable,&YAULNk1000000I1I1a,Monetary Non-cash,401-K Deductions Payable,234000,,,,a1J1I000001AuVSUA0,False,,False,,,,,,,,,,
,,,235000 - Health Insurance Payable,,,,,,,,,,True,False,,,,,,False,Health Insurance Payable,&YAUMNk1000000I1I1a,Monetary Non-cash,Health Insurance Payable,235000,,,,a1J1I000001AuVSUA0,False,,False,,,,,,,,,,
,,,236000 - Federal Payroll Taxes Payable,,,,,,,,,,True,False,,,,,,False,Federal Payroll Taxes Payable,&YAUNNk1000000I1I1a,Monetary Non-cash,Federal Payroll Taxes Payable,236000,,,,a1J1I000001AuVSUA0,False,,False,,,,,,,,,,
,,,236500 - FUTA Tax Payable,,,,,,,,,,True,False,,,,,,False,FUTA Tax Payable,&YAUONk1000000I1I1a,Monetary Non-cash,FUTA Tax Payable,236500,,,,a1J1I000001AuVSUA0,False,,False,,,,,,,,,,
,,,237000 - State Payroll Taxes Payable,,,,,,,,,,True,False,,,,,,False,State Payroll Taxes Payable,&YAUPNk1000000I1I1a,Monetary Non-cash,State Payroll Taxes Payable,237000,,,,a1J1I000001AuVSUA0,False,,False,,,,,,,,,,
,,,237500 - SUTA Payable,,,,,,,,,,True,False,,,,,,False,SUTA Payable,&YAUQNk1000000I1I1a,Monetary Non-cash,SUTA Payable,237500,,,,a1J1I000001AuVSUA0,False,,False,,,,,,,,,,
,,,237800 - Interest Payable,,,,,,,,,,True,False,,,,,,False,Interest Payable,&YAURNk1000000I1I1a,Monetary Non-cash,Interest Payable,237800,,,,a1J1I000001AuVSUA0,False,,False,Credit,,,,,,,Balance Sheet,,Liabilities
,,,238000 - Local Payroll Taxes Payable,,,,,,,,,,True,False,,,,,,False,Local Payroll Taxes Payable,&YAUSNk1000000I1I1a,Monetary Non-cash,Local Payroll Taxes Payable,238000,,,,a1J1I000001AuVSUA0,False,,False,,,,,,,,,,
,,,239000 - Income Taxes Payable,,,,,,,,,,True,False,,,,,,False,Income Taxes Payable,&YAUTNk1000000I1I1a,Monetary Non-cash,Income Taxes Payable,239000,,,,a1J1I000001AuVSUA0,False,,False,,,,,,,,,,
,,,240000 - Other Taxes Payable,,,,,,,,,,True,False,,,,,,False,Other Taxes Payable,&YAUUNk1000000I1I1a,Monetary Non-cash,Other Taxes Payable,240000,,,,a1J1I000001AuVSUA0,False,,False,,,,,,,,,,
,,,242000 - Current Portion of Long-term Debt,,,,,,,,,,True,False,,,,,,False,Current Portion of Long-term Debt,&YAUVNk1000000I1I1a,Monetary Non-cash,Current Portion of Long-term Debt,242000,,,,a1J1I000001AuVSUA0,False,,False,Credit,,,,,,,Balance Sheet,,Liabilities
,,,244000 - Prepayments Received,,,,,,,,,,True,False,,,,,,False,Prepayments Received,&YAUWNk1000000I1I1a,Monetary Cash,Prepayments Received,244000,,,,a1J1I000001AuVSUA0,False,,False,,,,,,,,,,
,,,244500 - Bank Line of Credit,,,,,,,,,,True,False,,,,,,False,Bank Line of Credit,&YAUXNk1000000I1I1a,Monetary Cash,Bank Line of Credit,244500,,,,a1J1I000001AuVSUA0,False,,False,,,,,,,,,,
,,,245000 - Notes Payable - Short-term,,,,,,,,,,True,False,,,,,,False,Notes Payable - Short-term,&YAUYNk1000000I1I1a,Non-Monetary - Non-Cash,Notes Payable - Short-term,245000,,,,a1J1I000001AuVSUA0,False,,False,,,,,,,,,,
,,,247000 - Warranty Liability,,,,,,,,,,True,False,,,,,,False,Warranty Liability,&YAUZNk1000000I1I1a,Monetary Non-cash,Warranty Liability,247000,,,,a1J1I000001AuVSUA0,False,,False,,,,,,,,,,
,,,248000 - Other Current Liabilities,,,,,,,,,,True,False,,,,,,False,Other Current Liabilities,&IAUaNk1000000I1I1a,Monetary Non-cash,Other Current Liabilities,248000,,,,a1J1I000001AuVSUA0,False,,False,,,,,,,,,,
,,,250000 - Deferred Revenue,,,,,,,,,,True,False,,,,,,False,Deferred Revenue,&IAUbNk1000000I1I1a,Non-monetary,Deferred Revenue,250000,,,,a1J1I000001AuVSUA0,False,,False,Credit,,,,,,,Balance Sheet,,Liabilities
,,,270000 - Notes Payable - Long-term,,,,,,,,,,True,False,,,,,,False,Notes Payable - Long-term,&IAUcNk1000000I1I1a,Non-monetary,Notes Payable - Long-term,270000,,,,a1J1I000001AuVWUA0,False,,False,Credit,,,,,,,Balance Sheet,,Liabilities
,,,274000 - Other Long-term Liabilities,,,,,,,,,,True,False,,,,,,False,Other Long-term Liabilities,&IAUeNk1000000I1I1a,Non-monetary,Other Long-term Liabilities,274000,,,,a1J1I000001AuVWUA0,False,,False,Credit,,,,,,,Balance Sheet,,Equity
,,,300000 - Preferred Stock,,,,,,,,,,True,False,,,,,,False,Preferred Stock,&IAUfNk1000000I1I1a,Historical,Preferred Stock,300000,,,,a1J1I000001AuVMUA0,False,,False,,,,,,,,,,
,,,301000 - Common Stock,,,,,,,,,,True,False,,,,,,False,Common Stock,&IAUgNk1000000I1I1a,Historical,Common Stock,301000,,,,a1J1I000001AuVMUA0,False,,False,,,,,,,,,,
,,,302000 - Additional paid-in capital,,,,,,,,,,True,False,,,,,,False,Additional paid-in capital,&IAUhNk1000000I1I1a,Historical,Additional paid-in capital,302000,,,,a1J1I000001AuVMUA0,False,,False,,,,,,,,,,
,,,302500 - Interco Additional Paid-in-Capital,,,,,,,,,,True,False,,,,,,False,Interco Additional Paid-in-Capital,&IAUiNk1000000I1I1a,Historical,Interco Additional Paid-in-Capital,302500,,,,a1J1I000001AuVMUA0,False,,False,,,,,,,,,,
,,,302600 - Dividends,,,,,,,,,,True,False,,,,,,False,Dividends,&IAUjNk1000000I1I1a,Historical,Dividends,302600,,,,a1J1I000001AuVMUA0,False,,False,,,,,,,,,,
,,,303000 - Retained Earnings,,,,,,,,,,True,False,,,,,,False,Retained Earnings,&IAUkNk1000000I1I1a,Historical,Retained Earnings,303000,,,,a1J1I000001AuVMUA0,False,,False,,,,,,,,,,
,,,400000 - Revenue,,,,,,,,,,True,False,,,,,,False,Revenue,&IAUlNk1000000I1I1a,P&L Monetary,Revenue,400000,,,,a1J1I000001AuVNUA0,False,,False,,,,,,,,,,
,,,480000 - Sales Returns and Allowances,,,,,,,,,,True,False,,,,,,True,Sales Returns and Allowances,&IAUmNk1000000I1I1a,P&L Monetary,Sales Returns and Allowances,480000,,,,a1J1I000001AuVNUA0,False,,False,,,,,,,,,,
,,,490000 - Sales Discounts,,,,,,,,,,True,False,,,,,,True,Sales Discounts,&IAUnNk1000000I1I1a,P&L Monetary,Sales Discounts,490000,,,,a1J1I000001AuVNUA0,False,,False,,,,,,,,,,
,,,490005 - Unearned Sales Discounts,,,,,,,,,,True,False,,,,,,False,Unearned Sales Discounts,&IAUoNk1000000I1I1a,P&L Monetary,Unearned Sales Discounts,490005,,,,a1J1I000001AuVNUA0,False,,False,,,,,,,,,,
,,,500000 - Cost of Goods Sold (Material),,,,,,,,,,True,False,,,,,,False,Cost of Goods Sold (Material),&IAUpNk1000000I1I1a,P&L Non-Monetary,Cost of Goods Sold (Material),500000,,,,a1J1I000001AuVKUA0,False,,False,,,,,,,,,,
,,,505000 - Purchase Price Variance,,,,,,,,,,True,False,,,,,,False,Purchase Price Variance,&IAUqNk1000000I1I1a,P&L Non-Monetary,Purchase Price Variance,505000,,,,a1J1I000001AuVKUA0,False,,False,,,,,,,,,,
,,,506000 - Raw Material Purchases,,,,,,,,,,True,False,,,,,,False,Raw Material Purchases,&IAUrNk1000000I1I1a,P&L Non-Monetary,Raw Material Purchases,506000,,,,a1J1I000001AuVKUA0,False,,False,,,,,,,,,,
,,,510000 - Material Variance,,,,,,,,,,True,False,,,,,,False,Material Variance,&IAUsNk1000000I1I1a,P&L Non-Monetary,Material Variance,510000,,,,a1J1I000001AuVKUA0,False,,False,,,,,,,,,,
,,,272000 - Financing Lease Obligation,,,,,,,,,,True,False,,,,,,False,Financing Lease Obligation,&IAUdNk1000000I1I1a,Non-monetary,Financing Lease Obligation,272000,,,,a1J1I000001AuVWUA0,False,,False,Credit,,,,,,,Balance Sheet,,Equity
,,,510500 - Labor Absorption,,,,,,,,,,True,False,,,,,,False,Labor Absorption,&IAUtNk1000000I1I1a,P&L Non-Monetary,Labor Absorption,510500,,,,a1J1I000001AuVKUA0,False,,False,,,,,,,,,,
,,,510600 - Overhead Absorption,,,,,,,,,,True,False,,,,,,False,Overhead Absorption,&IAUuNk1000000I1I1a,P&L Non-Monetary,Overhead Absorption,510600,,,,a1J1I000001AuVKUA0,False,,False,,,,,,,,,,
,,,510700 - Outside Processing Absorption,,,,,,,,,,True,False,,,,,,False,Outside Processing Absorption,&IAUvNk1000000I1I1a,P&L Non-Monetary,Outside Processing Absorption,510700,,,,a1J1I000001AuVKUA0,False,,False,,,,,,,,,,
,,,560000 - Material Scrap,,,,,,,,,,True,False,,,,,,False,Material Scrap,&IAUwNk1000000I1I1a,P&L Non-Monetary,Material Scrap,560000,,,,a1J1I000001AuVKUA0,False,,False,,,,,,,,,,
,,,570000 - Inventory Disposal,,,,,,,,,,True,False,,,,,,False,Inventory Disposal,&IAUxNk1000000I1I1a,P&L Non-Monetary,Inventory Disposal,570000,,,,a1J1I000001AuVKUA0,False,,False,,,,,,,,,,
,,,585000 - Inventory Adjustment,,,,,,,,,,True,False,,,,,,False,Inventory Adjustment,&IAUyNk1000000I1I1a,P&L Non-Monetary,Inventory Adjustment,585000,,,,a1J1I000001AuVKUA0,False,,False,,,,,,,,,,
,,,586000 - Inventory Revaluation,,,,,,,,,,True,False,,,,,,False,Inventory Revaluation,&IAUzNk1000000I1I1a,P&L Non-Monetary,Inventory Revaluation,586000,,,,a1J1I000001AuVKUA0,False,,False,,,,,,,,,,
,,,590000 - Purchase Returns and Allowances,,,,,,,,,,True,False,,,,,,True,Purchase Returns and Allowances,&IAU0Ok1000000I1I1a,P&L Non-Monetary,Purchase Returns and Allowances,590000,,,,a1J1I000001AuVKUA0,False,,False,,,,,,,,,,
,,,595000 - Purchase Discounts,,,,,,,,,,True,False,,,,,,True,Purchase Discounts,&IAU1Ok1000000I1I1a,P&L Non-Monetary,Purchase Discounts,595000,,,,a1J1I000001AuVKUA0,False,,False,,,,,,,,,,
,,,600000 - Employee Expenses,,,,,,,,,,True,False,,,,,,False,Employee Expenses,&IAU2Ok1000000I1I1a,P&L Monetary,Employee Expenses,600000,,,,a1J1I000001AuVOUA0,False,,False,,,,,,,,,,
,,,600100 - Regular - Hourly,,,,,,,,,,True,False,,,,,,False,Regular - Hourly,&IAU3Ok1000000I1I1a,P&L Monetary,Regular - Hourly,600100,,,,a1J1I000001AuVOUA0,False,,False,,,,,,,,,,
,,,600200 - Regular - Salary,,,,,,,,,,True,False,,,,,,False,Regular - Salary,&IAU4Ok1000000I1I1a,P&L Monetary,Regular - Salary,600200,,,,a1J1I000001AuVOUA0,False,,False,,,,,,,,,,
,,,100000 - Petty Cash,,,,,,,,,,True,False,,,,,,False,Petty Cash,&YAUOMk1000000I1I1a,Monetary Cash,Petty Cash,100000,,,,a1J1I000001AuVXUA0,False,,False,,,,,,,,,,
,,,101000 - Cash,,,,,,,,,,True,False,,,,,,False,Cash,&YAUPMk1000000I1I1a,Monetary Cash,Cash,101000,,,,a1J1I000001AuVXUA0,False,,False,,,,,,,,,,
,,,101500 - Cash Clearing,,,,,,,,,,True,False,,,,,,False,Cash Clearing,&YAUQMk1000000I1I1a,Monetary Cash,Cash Clearing,101500,,,,a1J1I000001AuVXUA0,False,,False,,,,,,,,,,
,,,102000 - Regular Checking Account,,,,,,,,,,True,False,,,,,,False,Regular Checking Account,&YAURMk1000000I1I1a,Monetary Cash,Regular Checking Account,102000,,,,a1J1I000001AuVXUA0,False,,False,,,,,,,,,,
,,,110000 - Accounts Receivable,,,,,,,,,,True,False,,,,,,False,Accounts Receivable,&YAUZMk1000000I1I1a,Monetary Non-cash,Accounts Receivable,110000,,,,a1J1I000001AuVXUA0,False,,False,,,,,,,AP/AR Aging,,,
,,,112000 - Interco Accounts Receivable,,,,,,,,,,True,False,,,,,,False,Interco Accounts Receivable,&IAUaMk1000000I1I1a,Monetary Non-cash,Interco Accounts Receivable,112000,,,,a1J1I000001AuVXUA0,False,,False,,,,,,,,,,
,,,113000 - Claims Receivable,,,,,,,,,,True,False,,,,,,False,Claims Receivable,&IAUbMk1000000I1I1a,Monetary Non-cash,Claims Receivable,113000,,,,a1J1I000001AuVXUA0,False,,False,,,,,,,,,,
,,,114000 - Other Receivables,,,,,,,,,,True,False,,,,,,False,Other Receivables,&IAUcMk1000000I1I1a,Monetary Non-cash,Other Receivables,114000,,,,a1J1I000001AuVXUA0,False,,False,,,,,,,,,,
,,,120000 - Raw Materials,,,,,,,,,,True,False,,,,,,False,Raw Materials,&IAUdMk1000000I1I1a,Non-monetary,Raw Materials,120000,,,,a1J1I000001AuVXUA0,False,,False,,,,,,,,,,
,,,120100 - Finished Goods,,,,,,,,,,True,False,,,,,,False,Finished Goods,&IAUeMk1000000I1I1a,Non-monetary,Finished Goods,120100,,,,a1J1I000001AuVXUA0,False,,False,,,,,,,,,,
,,,121000 - Work in Progress (Materials),,,,,,,,,,True,False,,,,,,False,Work in Progress (Materials),&IAUfMk1000000I1I1a,Non-monetary,Work in Progress (Materials),121000,,,,a1J1I000001AuVXUA0,False,,False,,,,,,,,,,
,,,122000 - Drop Ship Inventory,,,,,,,,,,True,False,,,,,,False,Drop Ship Inventory,&IAUgMk1000000I1I1a,Non-monetary,Drop Ship Inventory,122000,,,,a1J1I000001AuVXUA0,False,,False,,,,,,,,,,
,,,123000 - In-transit Inventory,,,,,,,,,,True,False,,,,,,False,In-transit Inventory,&IAUhMk1000000I1I1a,Non-monetary,In-transit Inventory,123000,,,,a1J1I000001AuVXUA0,False,,False,,,,,,,,,,
,,,124000 - Used Asset Inventory,,,,,,,,,,True,False,,,,,,False,Used Asset Inventory,&IAUiMk1000000I1I1a,Non-monetary,Used Asset Inventory,124000,,,,a1J1I000001AuVXUA0,False,,False,,,,,,,,,,
,,,140000 - Prepaid Expenses,,,,,,,,,,True,False,,,,,,False,Prepaid Expenses,&IAUjMk1000000I1I1a,Non-monetary,Prepaid Expenses,140000,,,,a1J1I000001AuVXUA0,False,,False,Debit,,,,,,,Balance Sheet,,Assets
,,,103000 - Payroll Checking Account,,,,,,,,,,True,False,,,,,,False,Payroll Checking Account,&YAUVMk1000000I1I1a,Monetary Cash,Payroll Checking Account,103000,,,,a1J1I000001AuVXUA0,False,,False,,,,,,,,,,
,,,104000 - Savings Account,,,,,,,,,,True,False,,,,,,False,Savings Account,&YAUWMk1000000I1I1a,Monetary Cash,Savings Account,104000,,,,a1J1I000001AuVXUA0,False,,False,,,,,,,,,,
,,,106000 - Investments - Money Market,,,,,,,,,,True,False,,,,,,False,Investments - Money Market,&YAUXMk1000000I1I1a,Monetary Cash,Investments - Money Market,106000,,,,a1J1I000001AuVXUA0,False,,False,,,,,,,,,,
,,,107000 - Investments - Certificates of Deposit,,,,,,,,,,True,False,,,,,,False,Investments - Certificates of Deposit,&YAUYMk1000000I1I1a,Monetary Cash,Investments - Certificates of Deposit,107000,,,,a1J1I000001AuVXUA0,False,,False,,,,,,,,,,
,,,142000 - Notes Receivable - Short-term,,,,,,,,,,True,False,,,,,,False,Notes Receivable - Short-term,&IAUkMk1000000I1I1a,Monetary Non-cash,Notes Receivable - Short-term,142000,,,,a1J1I000001AuVXUA0,False,,False,Debit,,,,,,,Balance Sheet,,Assets
,,,147000 - Other Current Assets,,,,,,,,,,True,False,,,,,,False,Other Current Assets,&IAUlMk1000000I1I1a,Monetary Non-cash,Other Current Assets,147000,,,,a1J1I000001AuVXUA0,False,,False,Debit,,,,,,,Balance Sheet,,Assets
,,,147500 - Allowance for Doubtful Accounts,,,,,,,,,,True,False,,,,,,True,Allowance for Doubtful Accounts,&IAUmMk1000000I1I1a,Monetary Non-cash,Allowance for Doubtful Accounts,147500,,,,a1J1I000001AuVXUA0,False,,False,Debit,,,,,,,Balance Sheet,,Assets
,,,150000 - Furniture and Fixtures,,,,,,,,,,True,False,,,,,,False,Furniture and Fixtures,&IAUnMk1000000I1I1a,Non-monetary,Furniture and Fixtures,150000,,,,a1J1I000001AuVQUA0,False,,False,,,,,,,,,,
,,,151000 - Equipment,,,,,,,,,,True,False,,,,,,False,Equipment,&IAUoMk1000000I1I1a,Non-monetary,Equipment,151000,,,,a1J1I000001AuVQUA0,False,,False,,,,,,,,,,
,,,152000 - Computer Hardware,,,,,,,,,,True,False,,,,,,False,Computer Hardware,&IAUpMk1000000I1I1a,Non-monetary,Computer Hardware,152000,,,,a1J1I000001AuVQUA0,False,,False,,,,,,,,,,
,,,800300 - Freight Income,,,,,,,,,,True,False,,,,,,False,Freight Income,&CAUe55P000000I1I1a,P/L Monetary,Freight Income,800300,,,,a1J1I000001AuVYUA0,False,,False,,,,,,,,,,
,,,900000 - Income Tax,,,,,,,,,,True,False,,,,,,False,Income Tax,&CAUj55P000000I1I1a,P/L Monetary,Income Tax,900000,,,,a1J1I000001AuVaUAK,False,,False,,,,,,,,,,
